r0,incubation,infectious,cfr,optimal_stringency
1.246,12.725,6.644,0.0974,0.000
6.333,13.680,16.386,0.0273,0.800
6.982,2.989,8.032,0.0150,1.000
1.556,7.425,11.791,0.0358,0.000
7.725,5.813,13.444,0.0095,0.980
7.010,10.746,6.686,0.0812,0.980
5.577,5.272,18.808,0.0179,0.820
4.989,3.627,16.147,0.0924,0.840
4.409,10.084,10.516,0.0352,0.760
5.292,11.820,18.335,0.0097,0.700
3.197,3.056,15.287,0.0310,0.620
3.508,12.705,11.632,0.0595,0.580
4.274,2.501,18.400,0.0601,0.760
6.519,10.019,8.310,0.0668,0.940
1.329,4.538,15.734,0.0886,0.000
7.141,6.251,16.188,0.0287,0.940
7.905,2.456,9.349,0.0459,1.000
2.423,4.319,9.897,0.0812,0.500
2.439,4.993,14.160,0.0447,0.400
2.294,6.673,15.581,0.0515,0.280
4.433,7.422,9.842,0.0082,0.780
5.994,6.113,11.537,0.0325,0.920
3.859,5.457,13.734,0.0339,0.700
4.158,10.556,17.814,0.0441,0.620
7.402,13.175,5.151,0.0991,0.980
5.097,9.122,15.227,0.0432,0.780
2.636,2.957,15.025,0.0574,0.500
7.643,6.904,19.718,0.0678,0.940
5.003,3.313,15.457,0.0883,0.860
5.553,3.952,10.002,0.0528,0.940
4.899,6.665,8.349,0.0424,0.880
4.158,7.066,15.364,0.0366,0.700
2.641,9.009,9.935,0.0225,0.440
2.225,8.703,9.308,0.0260,0.320
5.678,9.877,16.287,0.0569,0.820
6.097,4.461,10.277,0.0521,0.960
3.466,9.099,11.440,0.0214,0.600
2.890,7.341,11.442,0.0057,0.480
1.835,4.498,13.739,0.0222,0.120
5.996,7.469,19.377,0.0528,0.840
2.744,4.546,14.327,0.0820,0.520
4.828,2.889,6.403,0.0091,0.920
6.843,7.114,7.062,0.0588,1.000
3.524,3.944,19.678,0.0928,0.620
3.100,2.065,12.672,0.0924,0.680
3.779,13.663,19.178,0.0438,0.460
6.892,11.549,14.843,0.0418,0.880
4.433,2.384,8.052,0.0172,0.880
6.931,11.196,11.571,0.0575,0.920
5.223,11.153,17.525,0.0923,0.760
4.510,13.379,16.036,0.0567,0.660
2.049,13.100,14.193,0.0579,0.000
4.548,7.941,14.045,0.0216,0.740
6.950,3.477,16.447,0.0423,0.960
5.425,10.527,11.387,0.0724,0.840
4.324,13.339,12.870,0.0227,0.660
5.358,12.637,5.123,0.0716,0.880
6.006,7.012,15.094,0.0199,0.860
2.987,10.379,17.067,0.0991,0.420
1.660,4.252,16.719,0.0919,0.000
6.954,7.949,12.293,0.0544,0.940
5.180,5.942,11.489,0.0489,0.880
3.269,5.661,9.115,0.0334,0.680
2.762,12.594,7.055,0.0803,0.500
1.804,5.473,16.435,0.0055,0.000
3.161,4.831,12.604,0.0331,0.620
4.545,10.848,9.101,0.0704,0.800
4.479,10.481,12.119,0.0318,0.740
5.244,11.637,14.967,0.0810,0.780
7.742,7.495,18.696,0.0857,0.940
5.240,9.526,17.925,0.0768,0.780
7.619,11.234,7.483,0.0763,0.980
5.945,3.930,18.776,0.0943,0.900
5.489,12.862,9.784,0.0284,0.820
7.811,3.980,8.709,0.0458,1.000
6.757,2.773,17.343,0.0178,0.940
7.970,4.411,9.519,0.0499,1.000
6.896,3.704,5.048,0.0496,1.000
2.914,2.423,11.070,0.0775,0.660
1.985,6.971,15.856,0.0735,0.120
5.512,7.674,6.522,0.0535,0.920
5.756,4.733,6.825,0.0667,0.960
1.543,13.808,8.163,0.0507,0.000
7.793,5.466,8.674,0.0689,1.000
6.669,11.658,10.040,0.0965,0.920
4.732,8.086,10.854,0.0148,0.800
2.363,3.711,8.809,0.0898,0.520
3.375,5.806,10.849,0.0054,0.640
1.941,11.384,9.002,0.0421,0.120
7.442,10.330,7.475,0.0225,0.980
3.182,7.396,5.005,0.0553,0.700
2.674,13.801,12.936,0.0280,0.280
4.970,12.609,12.841,0.0891,0.780
7.469,5.100,17.161,0.0671,0.960
4.388,7.359,14.058,0.0609,0.760
1.833,10.853,6.683,0.0802,0.180
3.308,4.725,9.903,0.0955,0.700
4.280,9.741,18.699,0.0432,0.640
1.786,11.951,13.087,0.0893,0.000
5.779,9.504,15.354,0.0556,0.840
5.111,12.438,18.278,0.0855,0.720
1.665,2.768,9.000,0.0743,0.240
7.798,10.998,17.662,0.0886,0.920
2.101,9.116,13.526,0.0891,0.180
6.824,11.834,8.061,0.0808,0.940
4.834,8.107,19.133,0.0789,0.740
4.068,10.140,7.232,0.0682,0.760
5.458,7.756,10.265,0.0841,0.880
5.956,6.011,18.821,0.0723,0.860
6.439,4.672,14.483,0.1000,0.940
6.873,4.922,8.202,0.0818,1.000
5.328,2.201,15.855,0.0114,0.860
3.812,9.101,7.374,0.0479,0.740
1.249,11.782,6.962,0.0287,0.000
7.077,8.500,7.218,0.0616,0.980
7.927,3.507,12.669,0.0133,1.000
6.552,2.688,11.471,0.0625,0.980
3.309,9.258,9.317,0.0911,0.640
3.504,4.724,14.183,0.0163,0.640
6.297,8.326,6.882,0.0745,0.960
4.366,9.035,16.833,0.0193,0.660
6.707,5.802,12.833,0.0652,0.960
2.179,11.147,14.402,0.0345,0.100
4.202,9.529,8.527,0.0759,0.780
4.180,8.163,13.060,0.0677,0.740
4.646,9.623,10.079,0.0719,0.800
3.399,7.027,8.500,0.0094,0.660
2.559,10.852,12.456,0.0450,0.340
7.703,8.180,6.689,0.0395,1.000
1.792,12.163,18.044,0.0924,0.000
4.284,13.814,18.615,0.0056,0.500
2.645,10.436,17.004,0.0478,0.280
5.409,6.392,19.701,0.0361,0.800
3.903,8.657,9.953,0.0086,0.700
4.242,10.643,17.108,0.0421,0.640
1.537,9.606,18.947,0.0710,0.000
3.303,8.675,14.073,0.0269,0.540
4.474,7.674,7.510,0.0679,0.840
7.431,6.797,6.401,0.0382,1.000
2.489,8.734,7.348,0.0864,0.480
1.285,4.033,19.443,0.0204,0.000
1.623,3.649,9.563,0.0513,0.160
7.491,2.422,6.914,0.0947,1.000
4.681,8.668,9.499,0.0080,0.800
3.151,3.034,18.586,0.0979,0.580
5.873,3.028,12.655,0.0361,0.940
6.325,3.484,9.394,0.0900,0.980
4.762,2.736,8.675,0.0558,0.900
3.167,4.110,7.601,0.0907,0.720
7.737,7.486,13.518,0.0365,0.980
5.623,6.371,18.303,0.0319,0.820
6.578,2.961,11.608,0.0418,0.980
6.896,7.895,13.742,0.0534,0.940
7.815,12.550,7.001,0.0401,0.980
3.162,6.092,11.919,0.0939,0.620
7.764,8.639,12.160,0.0505,0.980
1.615,8.213,18.137,0.0768,0.000
1.703,8.676,8.084,0.0403,0.080
7.359,10.675,12.543,0.0393,0.940
2.279,5.510,5.520,0.0954,0.520
7.174,6.034,13.086,0.0873,0.980
4.121,7.104,5.417,0.0829,0.840
6.835,6.497,14.857,0.0242,0.920
3.613,2.694,17.006,0.0559,0.680
7.737,3.808,7.326,0.0702,1.000
7.304,5.490,19.682,0.0398,0.920
3.993,7.094,15.776,0.0404,0.680
7.323,2.099,16.401,0.0057,0.960
4.487,10.272,6.849,0.0933,0.820
2.432,3.758,16.763,0.0292,0.360
2.826,9.191,14.731,0.0450,0.420
3.790,2.417,13.804,0.0922,0.760
5.181,6.397,8.157,0.0189,0.880
7.661,7.998,19.263,0.0237,0.920
7.798,2.614,11.322,0.0538,1.000
7.542,8.767,13.142,0.0497,0.960
4.073,4.352,10.335,0.0550,0.800
5.556,13.161,12.410,0.0066,0.760
7.485,11.384,10.669,0.0527,0.960
5.838,7.014,8.648,0.0060,0.900
4.240,10.652,8.401,0.0096,0.740
4.548,9.614,16.239,0.0099,0.660
1.809,7.590,8.015,0.0213,0.160
6.877,9.092,16.129,0.0892,0.920
2.923,11.974,8.933,0.0833,0.520
1.513,5.682,15.974,0.0599,0.000
2.309,7.331,19.090,0.0796,0.200
7.520,7.662,18.039,0.0414,0.920
2.506,7.363,14.610,0.0601,0.360
7.411,10.704,10.075,0.0922,0.960
7.432,3.099,10.751,0.0337,1.000
2.321,2.045,7.517,0.0305,0.560
7.018,11.030,15.072,0.0595,0.900
4.891,4.720,12.771,0.0377,0.840
3.580,9.287,5.572,0.0317,0.720
4.446,7.654,15.667,0.0299,0.720
7.544,11.502,12.205,0.0878,0.960
4.175,7.072,11.692,0.0852,0.760
5.512,3.563,10.653,0.0833,0.940
1.933,10.185,18.155,0.0478,0.000
3.055,10.457,14.004,0.0663,0.480
7.429,5.424,17.876,0.0933,0.960
3.415,11.301,7.086,0.0340,0.640
7.977,10.444,8.687,0.0556,1.000
6.181,8.260,16.641,0.0843,0.880
2.089,8.033,5.648,0.0061,0.340
1.670,10.187,19.890,0.0366,0.000
7.371,4.469,16.223,0.0097,0.940
7.412,13.766,17.431,0.0120,0.840
5.774,2.795,16.177,0.0321,0.900
1.311,4.874,9.070,0.0831,0.000
4.887,2.866,5.800,0.0549,0.940
3.388,10.540,9.432,0.0147,0.600
1.574,11.815,5.104,0.0473,0.000
7.467,2.480,18.461,0.0903,0.980
7.737,4.991,11.113,0.0467,1.000
1.297,9.327,18.776,0.0520,0.000
5.402,13.584,13.132,0.0899,0.800
6.347,4.747,16.904,0.0555,0.920
1.857,12.393,14.103,0.0649,0.000
6.578,8.309,5.805,0.0779,0.980
4.434,6.024,18.344,0.0533,0.720
6.629,11.996,9.421,0.0402,0.920
1.481,6.626,12.442,0.0575,0.000
1.518,11.561,19.565,0.0416,0.000
2.443,6.589,15.595,0.0291,0.320
4.923,10.765,19.978,0.0820,0.700
7.257,2.234,8.694,0.0948,1.000
7.831,10.085,9.166,0.0422,0.980
5.539,4.375,10.492,0.0642,0.920
7.871,6.040,6.501,0.0181,1.000
5.433,3.127,6.438,0.0221,0.960
3.218,3.615,19.194,0.0925,0.580
6.169,10.528,17.808,0.0152,0.800
5.611,7.161,17.837,0.0867,0.840
5.468,3.629,5.425,0.0843,0.960
3.404,12.464,15.072,0.0317,0.480
6.300,13.326,16.489,0.0309,0.820
4.563,3.852,5.864,0.0128,0.900
3.564,8.634,7.591,0.0366,0.700
3.066,5.540,16.781,0.0375,0.520
5.268,13.540,5.930,0.0548,0.860
3.423,2.026,10.163,0.0247,0.740
3.551,13.792,15.140,0.0393,0.480
6.459,6.745,5.247,0.0055,0.980
5.728,8.202,6.429,0.0617,0.940
1.531,5.482,10.842,0.0843,0.000
4.399,13.062,11.510,0.0433,0.700
7.421,10.390,15.235,0.0525,0.920
5.852,12.239,10.971,0.0752,0.860
1.622,4.845,10.740,0.0674,0.080
3.958,3.140,17.713,0.0750,0.720
4.333,7.551,13.652,0.0220,0.740
1.557,5.815,8.689,0.0996,0.080
5.640,13.939,10.388,0.0515,0.840
6.356,6.632,7.974,0.0543,0.960
6.541,12.779,17.886,0.0205,0.800
5.458,10.702,6.732,0.0897,0.900
1.593,9.667,16.895,0.0387,0.000
7.542,11.126,7.913,0.0402,0.980
4.338,13.831,17.182,0.0562,0.600
2.327,13.507,6.170,0.0515,0.340
1.445,13.237,17.134,0.0318,0.000
6.490,5.318,10.281,0.0981,0.980
2.734,11.802,10.411,0.0788,0.440
4.226,2.305,10.865,0.0879,0.840
2.078,13.597,15.046,0.0414,0.000
1.921,3.849,11.129,0.0657,0.280
1.361,11.380,17.531,0.0844,0.000
4.138,9.844,18.203,0.0823,0.640
1.269,10.103,15.611,0.0763,0.000
4.423,11.337,12.908,0.0837,0.720
3.851,4.285,14.600,0.0697,0.720
6.369,13.721,11.293,0.0687,0.880
1.580,7.115,9.798,0.0824,0.020
4.203,9.390,18.577,0.0418,0.640
5.336,12.850,12.003,0.0855,0.820
6.476,10.110,18.476,0.0987,0.860
5.289,7.941,15.449,0.0676,0.820
2.301,12.124,12.021,0.0881,0.240
7.430,6.544,16.635,0.0178,0.940
6.694,4.470,15.717,0.0499,0.940
5.079,3.949,17.966,0.0437,0.820
6.245,13.338,11.685,0.0527,0.860
2.783,3.015,14.300,0.0817,0.560
2.108,13.518,16.312,0.0457,0.000
5.779,4.293,16.921,0.0853,0.880
6.446,6.300,5.951,0.0451,0.980
7.593,11.248,18.808,0.0552,0.900
7.710,13.898,17.952,0.0756,0.900
7.610,4.621,7.541,0.0236,1.000
2.481,13.936,17.903,0.0929,0.120
6.235,13.243,12.916,0.0402,0.840
5.830,10.858,18.290,0.0921,0.800
1.300,9.900,10.995,0.0836,0.000
7.352,2.871,13.587,0.0433,1.000
5.041,2.400,12.330,0.0751,0.900
2.620,13.487,16.047,0.0177,0.160
3.225,13.512,9.808,0.0995,0.560
4.312,10.184,18.149,0.0120,0.600
2.266,2.084,15.617,0.0911,0.400
4.551,6.804,12.255,0.0983,0.800
4.242,2.131,17.528,0.0704,0.780
1.258,8.505,15.122,0.0067,0.000
2.749,10.160,7.750,0.0343,0.500
1.393,5.507,15.640,0.0265,0.000
5.927,12.217,9.200,0.0538,0.880
5.005,5.190,16.822,0.0919,0.820
2.398,4.497,10.334,0.0262,0.460
4.413,4.285,13.359,0.0528,0.800
2.189,5.259,7.823,0.0400,0.440
4.296,9.558,15.345,0.0502,0.700
3.223,9.714,11.971,0.0070,0.500
1.202,11.808,11.147,0.0506,0.000
1.961,11.307,5.572,0.0337,0.240
5.852,3.097,9.824,0.0727,0.960
6.187,11.257,8.757,0.0569,0.920
2.214,4.168,16.699,0.0112,0.220
6.892,12.434,9.089,0.0119,0.920
4.332,13.855,15.640,0.0579,0.640
3.353,6.664,7.783,0.0836,0.720
6.307,8.559,6.625,0.0493,0.960
3.814,13.288,13.111,0.0373,0.580
5.693,4.750,7.900,0.0350,0.940
7.567,8.760,11.987,0.0473,0.960
3.597,13.214,18.890,0.0191,0.400
5.171,11.875,9.116,0.0306,0.820
2.048,12.144,10.329,0.0298,0.100
7.736,6.795,10.268,0.0890,1.000
2.083,13.010,14.279,0.0594,0.020
3.919,7.391,15.551,0.0068,0.620
7.674,11.124,6.839,0.0981,1.000
1.340,9.155,18.451,0.0333,0.000
3.405,6.613,15.338,0.0943,0.620
7.457,9.279,10.551,0.0541,0.980
7.931,10.150,14.783,0.0399,0.940
3.178,11.433,10.336,0.0786,0.560
7.888,6.915,7.784,0.0836,1.000
3.993,8.788,10.552,0.0255,0.720
7.427,6.364,11.369,0.0806,1.000
5.325,7.112,16.232,0.0982,0.840
1.835,11.432,9.350,0.0239,0.020
3.909,6.404,11.679,0.0190,0.720
2.921,13.708,19.758,0.0931,0.260
7.715,13.648,14.179,0.0872,0.920
7.075,10.045,12.785,0.0127,0.920
1.455,3.344,10.156,0.0741,0.040
2.854,12.294,5.484,0.0455,0.540
7.323,11.040,7.862,0.0488,0.980
7.965,12.815,11.441,0.0647,0.960
3.954,4.589,9.770,0.0885,0.800
3.238,5.208,16.404,0.0933,0.600
1.638,6.717,16.281,0.0539,0.000
3.368,9.575,15.754,0.0759,0.540
5.582,9.045,16.257,0.0535,0.820
1.375,6.102,19.077,0.0285,0.000
7.483,9.002,15.877,0.0286,0.920
7.995,6.237,9.013,0.0260,1.000
7.293,13.346,16.663,0.0620,0.880
1.767,7.502,12.137,0.0121,0.000
2.080,8.041,12.255,0.0562,0.220
6.177,4.425,15.914,0.0241,0.900
1.255,12.486,9.408,0.0229,0.000
7.879,11.444,16.947,0.0814,0.920
4.610,11.068,5.978,0.0876,0.840
7.926,9.231,10.197,0.0371,0.980
6.392,2.368,19.804,0.0103,0.900
3.836,11.411,10.926,0.0292,0.640
5.382,4.910,9.336,0.0212,0.900
2.510,11.571,12.386,0.0919,0.320
5.552,5.835,7.537,0.0293,0.920
7.702,4.723,5.617,0.0753,1.000
3.897,5.271,16.010,0.0207,0.680
3.560,10.941,18.627,0.0080,0.420
2.399,10.248,9.558,0.0266,0.340
6.126,12.467,14.080,0.0684,0.840
5.298,5.057,8.953,0.0257,0.900
2.357,12.611,18.464,0.0735,0.080
1.513,8.193,15.795,0.0926,0.000
2.515,3.230,17.391,0.0772,0.420
1.654,12.756,11.444,0.0622,0.000
2.332,4.180,16.264,0.0111,0.300
5.178,4.114,10.305,0.0172,0.900
7.551,13.849,10.092,0.0801,0.940
7.314,12.015,12.250,0.0821,0.940
5.963,5.736,14.796,0.0876,0.900
5.499,11.825,17.956,0.0875,0.780
2.654,5.732,12.943,0.0110,0.440
1.385,9.527,17.144,0.0080,0.000
3.644,13.107,11.883,0.0321,0.580
4.640,10.776,8.447,0.0233,0.800
4.310,3.351,18.335,0.0098,0.720
5.162,11.007,5.495,0.0860,0.880
1.810,4.789,6.606,0.0877,0.320
5.860,4.038,17.148,0.0116,0.860
5.738,10.743,16.171,0.0535,0.820
2.632,13.845,5.635,0.0433,0.460
5.913,12.326,10.898,0.0584,0.860
6.154,10.660,16.089,0.0250,0.840
5.588,9.215,7.723,0.0617,0.900
7.444,4.683,9.464,0.0341,1.000
4.282,6.524,15.123,0.0326,0.720
2.411,10.072,19.944,0.0758,0.140
7.687,12.804,13.837,0.0455,0.920
5.188,13.892,19.436,0.0722,0.700
3.347,8.836,17.419,0.0108,0.460
3.996,3.000,7.413,0.0185,0.840
2.149,9.053,9.445,0.0302,0.280
5.157,11.980,17.690,0.0267,0.700
1.697,7.348,15.438,0.0401,0.000
7.257,11.716,14.665,0.0582,0.920
1.732,3.781,14.511,0.0226,0.060
1.518,2.455,8.646,0.0687,0.160
2.460,4.310,16.713,0.0462,0.380
6.557,5.269,13.220,0.0960,0.960
5.916,11.408,5.061,0.0186,0.920
6.622,5.634,17.506,0.0596,0.920
3.505,10.404,11.733,0.0954,0.620
5.002,4.383,9.334,0.0573,0.900
4.106,12.369,12.503,0.0292,0.640
1.749,13.375,17.783,0.0468,0.000
2.837,13.461,15.291,0.0076,0.220
1.550,12.992,5.829,0.0530,0.000
2.724,7.893,11.167,0.0970,0.500
3.711,12.678,5.633,0.0417,0.700
6.026,4.193,5.303,0.0856,1.000
5.352,11.368,19.125,0.0831,0.760
3.845,10.016,17.380,0.0762,0.600
6.174,3.687,10.377,0.0341,0.960
1.854,8.068,19.229,0.0652,0.000
5.734,10.288,11.669,0.0377,0.860
5.097,3.108,5.306,0.0758,0.960
3.770,10.664,19.596,0.0216,0.500
2.954,5.163,5.131,0.0442,0.700
2.730,3.715,8.011,0.0692,0.640
6.357,5.934,18.888,0.0789,0.880
3.428,8.605,10.997,0.0641,0.640
3.748,8.102,11.941,0.0728,0.700
6.378,10.487,12.896,0.0148,0.880
3.759,4.614,8.241,0.0284,0.780
1.760,4.910,17.631,0.0435,0.000
3.205,8.284,18.714,0.0905,0.480
6.570,5.698,14.138,0.0359,0.940
6.738,13.888,14.802,0.0129,0.840
5.416,13.007,8.904,0.0850,0.840
7.085,3.837,19.850,0.0773,0.940
2.839,13.469,15.468,0.0195,0.260
3.548,7.871,14.067,0.0072,0.580
5.077,2.468,13.785,0.0378,0.880
4.601,12.996,8.739,0.0120,0.740
4.994,13.355,12.506,0.0981,0.780
3.551,7.166,14.391,0.0873,0.640
6.921,4.196,13.745,0.0477,0.960
4.174,11.547,19.862,0.0289,0.560
2.579,2.354,5.437,0.0321,0.660
7.130,3.003,17.105,0.0089,0.940
2.893,13.241,19.049,0.0187,0.200
2.672,8.312,11.378,0.0624,0.460
5.773,3.998,15.340,0.0897,0.900
7.849,2.531,13.117,0.0851,1.000
4.723,4.128,15.089,0.0981,0.820
4.924,9.737,13.835,0.0067,0.740
7.068,7.216,16.551,0.0276,0.920
6.937,12.489,13.295,0.0269,0.880
7.402,11.640,9.033,0.0912,0.960
2.496,4.880,19.409,0.0936,0.340
7.650,2.044,14.088,0.0245,1.000
6.743,11.309,10.577,0.0073,0.900
7.901,11.165,17.231,0.0090,0.900
5.427,7.983,11.837,0.0628,0.860
2.264,6.766,15.867,0.0767,0.260
2.190,6.691,5.383,0.0982,0.480
3.875,8.176,13.755,0.0423,0.680
3.043,2.254,19.918,0.0921,0.560
3.981,12.524,10.224,0.0803,0.680
2.279,7.804,9.322,0.0788,0.400
6.531,6.553,17.856,0.0296,0.880
6.238,10.730,7.790,0.0882,0.940
2.590,6.786,16.994,0.0231,0.320
6.058,3.435,9.229,0.0398,0.960
2.915,10.028,15.280,0.0708,0.420
5.734,3.058,8.252,0.0594,0.960
6.198,6.277,19.043,0.0962,0.880
6.986,11.055,11.824,0.0948,0.940
3.263,8.474,16.343,0.0375,0.500
6.131,13.536,11.746,0.0615,0.860
6.510,9.098,11.571,0.0760,0.920
4.213,9.926,15.244,0.0911,0.680
7.637,4.058,14.489,0.0496,1.000
2.633,4.564,17.701,0.0158,0.380
2.766,13.417,19.658,0.0741,0.200
3.999,10.534,10.608,0.0465,0.700
2.357,9.466,14.543,0.0483,0.240
4.017,9.130,14.066,0.0254,0.660
2.627,11.231,17.847,0.0111,0.160
3.675,10.928,17.380,0.0756,0.560
5.293,9.288,14.055,0.0739,0.820
5.146,13.302,12.153,0.0300,0.760
5.069,5.565,16.182,0.0116,0.800
2.096,11.139,14.817,0.0873,0.080
1.800,3.749,7.082,0.0495,0.320
7.687,5.998,14.799,0.0847,0.980
3.077,11.424,10.851,0.0549,0.520
1.220,7.362,10.290,0.0112,0.000
2.503,4.596,11.512,0.0817,0.500
5.419,12.907,18.607,0.0248,0.720
2.304,9.106,13.469,0.0895,0.280
2.134,3.242,10.573,0.0804,0.420
4.339,6.055,11.686,0.0164,0.780
6.582,11.696,19.276,0.0081,0.800
5.370,7.416,17.209,0.0544,0.820
6.579,13.076,6.164,0.0542,0.940
5.588,6.879,16.238,0.0590,0.840
1.541,11.116,12.050,0.0275,0.000
7.601,12.179,19.897,0.0292,0.860
7.525,13.759,6.031,0.0555,0.980
4.979,4.396,15.183,0.0755,0.840
6.530,13.635,11.714,0.0543,0.880
2.848,13.952,16.841,0.0895,0.300
7.899,10.834,18.942,0.0483,0.920
3.496,2.034,5.410,0.0860,0.820
4.333,6.159,15.657,0.0676,0.740
1.914,4.321,7.669,0.0626,0.360
6.844,8.702,7.158,0.0943,0.980
5.974,7.229,7.711,0.0083,0.920
5.522,12.706,18.850,0.0790,0.760
3.356,11.978,13.091,0.0575,0.520
3.631,4.327,7.670,0.0910,0.780
5.149,13.197,18.659,0.0877,0.720
2.060,13.529,17.916,0.0568,0.000
5.492,10.235,15.624,0.0997,0.820
7.659,10.109,5.333,0.0131,1.000
5.016,10.591,12.015,0.0244,0.780
3.351,4.518,19.186,0.0440,0.560
3.310,12.356,14.607,0.0927,0.500
6.439,10.830,15.966,0.0956,0.880
6.831,4.673,15.374,0.0631,0.960
5.979,6.549,5.165,0.0981,0.980
3.398,8.863,15.263,0.0142,0.520
1.902,9.961,13.455,0.0164,0.000
4.946,9.270,12.068,0.0216,0.800
2.292,4.832,11.575,0.0880,0.420
6.267,5.980,8.213,0.0173,0.960
1.846,5.352,19.848,0.0906,0.000
1.335,3.811,15.884,0.0395,0.000
2.654,10.064,17.765,0.0416,0.260
4.928,2.756,7.040,0.0295,0.920
3.712,9.774,5.436,0.0472,0.740
6.092,8.952,5.359,0.0488,0.960
3.507,8.577,6.976,0.0058,0.680
3.496,8.951,8.725,0.0712,0.680
4.446,13.004,8.348,0.0094,0.720
4.863,9.435,16.138,0.0671,0.760
4.425,4.887,5.712,0.0417,0.880
3.883,7.884,13.039,0.0687,0.700
3.210,13.646,10.443,0.0168,0.480
3.628,12.538,5.287,0.0870,0.720
4.396,4.575,12.614,0.0247,0.800
2.039,12.793,8.915,0.0130,0.100
5.126,3.318,14.075,0.0977,0.880
5.587,13.679,13.611,0.0778,0.800
5.657,4.911,7.844,0.0815,0.940
3.222,9.433,13.518,0.0861,0.560
5.311,10.632,9.235,0.0427,0.860
6.552,2.322,13.540,0.0735,0.980
4.050,11.122,13.547,0.0173,0.620
6.691,3.696,11.281,0.0336,0.980
6.192,4.196,18.191,0.0236,0.880
4.059,7.564,8.097,0.0063,0.760
7.205,6.121,7.037,0.0559,1.000
2.031,3.005,19.573,0.0949,0.180
5.068,6.072,7.406,0.0116,0.880
2.199,9.001,6.461,0.0772,0.400
3.019,11.691,17.112,0.0768,0.380
7.355,7.292,5.883,0.0522,1.000
5.333,7.490,9.357,0.0296,0.880
7.026,5.202,11.609,0.0128,0.960
1.474,3.853,19.824,0.0437,0.000
7.246,3.601,19.395,0.0060,0.920
6.389,8.167,8.462,0.0815,0.960
6.918,8.422,8.563,0.0874,0.980
5.886,4.405,12.599,0.0197,0.920
5.469,3.083,19.598,0.0496,0.860
1.636,4.799,13.117,0.0832,0.040
1.399,2.173,10.006,0.0341,0.000
4.070,12.913,5.627,0.0109,0.720
7.568,11.672,14.404,0.0708,0.940
3.320,7.437,13.351,0.0634,0.600
6.044,7.853,14.178,0.0933,0.900
5.438,11.799,12.851,0.0344,0.800
3.849,6.091,14.666,0.0741,0.700
2.307,7.293,10.224,0.0746,0.400
5.969,3.584,12.463,0.0599,0.940
3.422,13.157,19.133,0.0414,0.400
5.893,12.201,17.136,0.0391,0.800
4.492,5.866,15.371,0.0480,0.760
1.946,8.696,7.139,0.0060,0.200
5.612,6.680,7.477,0.0758,0.940
5.368,9.293,17.932,0.0287,0.760
5.729,3.449,12.765,0.0328,0.920
7.055,6.165,8.531,0.0441,1.000
5.757,7.053,13.359,0.0711,0.880
5.553,10.517,10.111,0.0584,0.860
1.449,13.003,12.890,0.0802,0.000
6.933,8.784,18.234,0.0689,0.900
7.604,9.892,14.913,0.0517,0.940
1.884,2.379,12.628,0.0795,0.280
6.664,11.175,9.866,0.0684,0.940
1.663,11.504,11.003,0.0653,0.000
4.492,6.005,14.280,0.0833,0.780
2.670,5.554,16.467,0.0743,0.440
5.160,2.598,18.562,0.0661,0.840
2.278,13.737,19.462,0.0430,0.000
7.634,4.509,15.314,0.0345,0.980
2.198,11.615,10.794,0.0385,0.200
6.314,13.285,6.297,0.0504,0.920
4.562,6.201,13.236,0.0871,0.800
3.313,9.668,15.705,0.0145,0.480
3.093,7.239,18.904,0.0215,0.420
6.808,9.670,12.349,0.0253,0.920
1.702,3.352,6.430,0.0150,0.280
6.279,2.601,11.251,0.0240,0.960
3.651,11.054,14.135,0.0087,0.540
1.889,5.054,5.361,0.0432,0.380
7.584,2.613,12.232,0.0866,1.000
4.423,5.324,9.732,0.0091,0.800
7.119,6.571,14.101,0.0743,0.960
1.971,2.250,17.651,0.0806,0.220
7.836,4.182,11.326,0.0294,1.000
3.011,13.146,13.323,0.0134,0.360
4.283,8.707,8.494,0.0157,0.780
6.226,9.040,12.337,0.0727,0.900
6.096,9.764,19.554,0.0121,0.780
3.883,13.404,16.508,0.0985,0.560
1.464,9.933,5.256,0.0385,0.000
1.757,9.993,13.840,0.0979,0.000
2.619,2.212,15.242,0.0341,0.500
7.395,7.142,8.646,0.0837,1.000
6.053,6.499,8.782,0.0972,0.960
4.385,8.692,13.183,0.0620,0.740
6.385,3.423,14.937,0.0812,0.940
2.210,5.810,10.181,0.0282,0.360
7.811,11.341,8.107,0.0827,1.000
2.902,10.998,9.573,0.0481,0.500
7.980,2.162,12.645,0.0683,1.000
4.218,9.344,10.759,0.0915,0.760
4.596,2.890,18.885,0.0940,0.800
6.757,3.061,7.474,0.0130,1.000
5.912,6.645,17.691,0.0315,0.840
3.825,12.595,10.762,0.0806,0.660
4.945,3.233,9.225,0.0410,0.900
1.762,10.183,11.431,0.0393,0.000
3.789,7.507,11.144,0.0695,0.720
1.499,2.546,5.829,0.0369,0.200
6.529,12.435,12.833,0.0779,0.880
4.147,6.828,17.744,0.0931,0.700
1.371,2.211,15.738,0.0830,0.000
7.164,9.535,8.813,0.0414,0.960
7.707,9.882,11.450,0.0950,0.980
3.452,9.298,16.724,0.0214,0.500
1.574,10.566,15.789,0.0086,0.000
5.584,13.290,6.266,0.0876,0.880
2.659,11.814,13.186,0.0949,0.360
5.946,11.117,5.324,0.0121,0.920
3.630,4.897,14.760,0.0091,0.640
6.543,10.277,11.279,0.0326,0.900
1.845,7.401,6.480,0.0182,0.240
1.439,7.609,8.548,0.0155,0.000
7.682,5.449,15.331,0.0073,0.960
5.510,2.410,14.594,0.0356,0.900
6.548,9.592,19.377,0.0876,0.860
4.327,9.709,8.171,0.0111,0.760
2.569,7.056,6.158,0.0520,0.560
2.755,13.173,8.853,0.0776,0.440
2.652,9.521,5.016,0.0907,0.560
2.419,11.100,14.147,0.0312,0.220
2.284,9.409,9.639,0.0493,0.340
5.710,4.236,17.361,0.0900,0.880
6.067,8.564,16.584,0.0303,0.840
3.882,13.181,12.141,0.0715,0.640
6.786,9.561,7.368,0.0552,0.960
5.341,3.815,11.334,0.0184,0.900
7.272,5.624,10.199,0.0133,0.980
5.209,4.777,16.210,0.0151,0.820
5.373,12.886,13.460,0.0250,0.780
6.012,3.494,9.386,0.0789,0.960
5.559,6.191,12.322,0.0628,0.880
6.077,12.714,7.972,0.0388,0.900
1.385,7.523,9.912,0.0769,0.000
6.606,6.007,19.830,0.0468,0.880
5.665,7.852,18.631,0.0060,0.780
7.217,13.249,16.140,0.0759,0.880
2.511,12.138,17.240,0.0908,0.200
2.865,4.624,6.003,0.0473,0.680
2.003,13.033,12.846,0.0293,0.000
6.667,11.475,17.531,0.0299,0.840
7.373,9.811,11.265,0.0638,0.960
7.432,9.688,7.279,0.0228,0.980
5.547,3.499,17.647,0.0493,0.860
1.758,12.647,5.189,0.0457,0.100
6.417,12.030,8.016,0.0711,0.920
5.678,7.086,16.192,0.0670,0.860
6.163,9.569,19.153,0.0070,0.780
1.655,9.456,11.680,0.0086,0.000
3.026,8.222,12.069,0.0758,0.560
2.940,8.856,12.631,0.0970,0.520
5.821,13.220,15.173,0.0978,0.820
6.911,11.367,18.370,0.0480,0.860
4.535,9.646,15.994,0.0778,0.720
3.342,4.867,15.965,0.0255,0.600
7.874,3.582,17.208,0.0815,1.000
7.336,9.577,15.604,0.0472,0.920
5.644,5.347,17.012,0.0136,0.840
2.749,9.704,9.472,0.0638,0.500
7.304,6.252,11.457,0.0653,0.980
1.367,12.721,10.281,0.0083,0.000
1.289,9.462,12.888,0.0976,0.000
7.421,12.081,10.236,0.0498,0.960
6.446,12.640,12.507,0.0669,0.880
2.706,6.873,13.098,0.0657,0.480
6.493,7.828,13.536,0.0982,0.920
4.886,5.688,18.384,0.0756,0.780
6.901,11.482,10.881,0.0996,0.940
2.328,5.912,10.722,0.0119,0.380
5.746,12.068,15.182,0.0770,0.820
2.205,11.188,14.130,0.0058,0.020
3.582,12.767,15.849,0.0546,0.520
7.308,2.724,14.692,0.0506,0.980
4.411,10.413,6.675,0.0922,0.820
6.783,13.399,6.223,0.0197,0.940
3.754,6.353,12.495,0.0481,0.700
1.594,13.863,16.334,0.0746,0.000
4.885,10.331,18.131,0.0207,0.700
1.578,13.329,18.602,0.0220,0.000
3.278,2.362,6.867,0.0528,0.760
1.251,11.057,13.272,0.0350,0.000
2.139,9.208,17.613,0.0759,0.080
6.248,5.288,8.435,0.0238,0.960
4.019,9.084,8.274,0.0635,0.760
4.834,7.550,7.583,0.0457,0.860
5.958,7.053,11.082,0.0546,0.920
7.195,4.698,9.485,0.0617,1.000
5.463,6.175,7.117,0.0493,0.920
1.296,3.478,11.480,0.0694,0.000
6.161,11.858,19.088,0.0955,0.820
5.082,7.286,10.246,0.0559,0.860
7.755,10.916,5.088,0.0328,1.000
7.293,8.082,14.501,0.0056,0.920
2.739,9.351,16.896,0.0275,0.320
6.647,5.616,6.839,0.0704,1.000
7.815,8.637,5.104,0.0992,1.000
1.554,11.127,12.092,0.0765,0.000
7.213,9.024,13.625,0.0954,0.940
2.311,3.631,8.092,0.0959,0.520
7.178,2.158,17.268,0.0608,0.980
4.919,13.976,13.807,0.0662,0.740
1.308,3.305,11.993,0.0668,0.000
6.944,7.048,14.642,0.0295,0.920
5.875,8.226,18.881,0.0361,0.820
2.512,10.263,10.699,0.0253,0.360
3.245,6.851,12.288,0.0084,0.560
4.232,5.423,9.926,0.0745,0.820
1.976,5.359,15.561,0.0514,0.160
1.791,5.704,9.278,0.0565,0.200
7.035,6.930,9.514,0.0586,0.980
4.392,7.724,7.185,0.0202,0.820
1.546,3.244,10.504,0.0352,0.080
5.348,8.180,11.828,0.0787,0.860
2.555,2.897,17.685,0.0409,0.420
4.947,12.960,19.261,0.0460,0.660
4.266,11.781,12.956,0.0283,0.680
4.167,12.010,7.612,0.0551,0.740
6.317,2.693,15.951,0.0440,0.940
7.770,7.322,5.739,0.0400,1.000
7.993,9.099,9.958,0.0595,1.000
3.881,3.416,13.369,0.0631,0.760
3.466,7.592,18.446,0.0383,0.540
3.296,3.281,12.875,0.0269,0.660
2.982,12.176,8.491,0.0572,0.520
2.903,7.127,19.215,0.0204,0.360
2.496,9.125,14.774,0.0459,0.300
5.085,9.924,8.854,0.0716,0.860
5.549,2.752,17.294,0.0783,0.880
7.274,5.732,9.250,0.0279,1.000
2.569,6.144,6.194,0.0938,0.580
7.940,8.764,15.724,0.0332,0.960
7.797,5.705,17.594,0.0132,0.940
7.938,3.157,6.910,0.0606,1.000
3.968,3.316,9.213,0.0738,0.820
1.841,3.077,10.685,0.0436,0.260
5.874,6.860,15.749,0.0335,0.860
1.291,11.355,10.919,0.0368,0.000
2.073,12.713,8.570,0.0515,0.180
3.316,2.444,10.213,0.0970,0.740
1.900,9.393,7.113,0.0789,0.240
5.174,12.762,17.466,0.0779,0.740
3.571,13.172,12.890,0.0222,0.520
7.093,7.887,18.470,0.0618,0.900
4.190,4.170,5.193,0.0212,0.860
1.255,2.114,5.829,0.0803,0.040
2.823,4.300,11.706,0.0206,0.560
4.714,8.405,19.969,0.0459,0.700
4.876,3.572,5.206,0.0443,0.940
6.859,9.874,13.178,0.0515,0.920
5.011,9.491,11.555,0.0331,0.800
6.501,8.198,17.638,0.0515,0.880
2.532,12.705,18.469,0.0673,0.160
3.021,10.603,6.858,0.0978,0.600
1.917,11.950,11.364,0.0789,0.060
5.625,6.482,6.196,0.0632,0.940
3.755,6.441,18.299,0.0556,0.620
4.284,9.666,6.950,0.0334,0.800
3.418,3.437,14.540,0.0185,0.660
5.879,2.429,19.853,0.0571,0.880
5.584,2.860,15.235,0.0804,0.900
1.681,5.308,10.334,0.0085,0.060
6.471,9.530,16.394,0.0498,0.880
6.233,8.659,12.565,0.0946,0.920
3.320,8.207,7.206,0.0456,0.680
7.230,5.415,14.659,0.0900,0.960
3.084,6.071,17.401,0.0298,0.480
6.133,12.221,18.088,0.0834,0.820
4.084,7.311,5.556,0.0267,0.820
3.115,10.543,14.412,0.0883,0.500
1.382,9.288,18.784,0.0828,0.000
2.401,11.363,11.620,0.0709,0.300
4.055,13.851,16.954,0.0727,0.580
4.610,9.444,15.000,0.0404,0.740
6.412,6.150,5.491,0.0443,0.980
4.324,3.088,10.963,0.0774,0.840
6.117,6.091,15.319,0.0823,0.900
2.480,9.563,15.882,0.0946,0.280
6.267,10.754,17.017,0.0472,0.840
4.825,11.830,9.391,0.0051,0.760
5.174,2.892,15.382,0.0135,0.860
2.649,7.610,15.483,0.0167,0.340
6.724,5.157,13.077,0.0557,0.960
2.898,3.770,18.819,0.0668,0.500
6.942,12.895,8.838,0.0210,0.920
2.960,2.935,9.324,0.0625,0.680
1.846,2.099,13.631,0.0136,0.200
5.828,7.412,12.142,0.0060,0.860
5.479,4.851,5.543,0.0373,0.960
2.394,11.356,13.659,0.0082,0.140
6.713,10.987,19.844,0.0492,0.840
4.005,8.829,13.475,0.0650,0.700
4.721,11.041,17.317,0.0324,0.680
3.236,9.098,18.191,0.0089,0.400
5.305,6.719,5.389,0.0638,0.940
5.182,7.423,19.158,0.0885,0.780
3.241,7.909,18.890,0.0792,0.500
7.448,11.669,7.647,0.0796,0.980
1.304,6.103,11.321,0.0815,0.000
5.238,4.216,5.730,0.0194,0.940
5.550,4.355,9.146,0.0650,0.940
5.608,7.241,7.980,0.0458,0.920
4.376,9.233,11.851,0.0790,0.760
7.247,5.479,18.560,0.0369,0.940
6.692,7.858,17.719,0.0689,0.900
3.450,13.297,15.997,0.0993,0.500
7.181,4.772,8.173,0.0398,1.000
3.191,4.518,9.787,0.0481,0.680
7.483,4.098,11.684,0.0680,1.000
6.909,3.619,17.368,0.0541,0.940
7.980,5.316,14.477,0.0742,1.000
5.897,5.393,18.289,0.0098,0.840
7.401,9.261,9.752,0.0571,0.980
4.784,11.609,17.034,0.0561,0.700
1.348,2.763,17.565,0.0232,0.000
3.176,5.905,13.936,0.0926,0.600
5.888,12.402,18.769,0.0394,0.780
6.577,9.977,18.453,0.0377,0.860
2.397,5.339,11.787,0.0343,0.420
3.352,7.263,16.001,0.0817,0.580
4.126,11.781,17.850,0.0158,0.560
3.980,2.684,7.642,0.0319,0.840
2.947,2.741,5.170,0.0990,0.740
4.642,12.208,13.136,0.0171,0.700
5.924,8.344,7.448,0.0786,0.940
3.925,10.550,7.346,0.0139,0.720
7.773,10.664,15.525,0.0949,0.940
3.596,12.825,5.677,0.0735,0.700
6.642,3.737,13.690,0.0976,0.960
5.453,6.440,15.098,0.0166,0.840
7.922,2.702,18.205,0.0381,0.980
7.171,8.071,10.923,0.0241,0.960
2.680,4.279,11.737,0.0473,0.540
6.885,3.024,11.605,0.0588,1.000
3.455,4.452,18.202,0.0888,0.620
6.892,6.559,15.501,0.0174,0.920
7.497,9.922,11.335,0.0574,0.960
3.970,9.293,16.342,0.0235,0.620
7.219,7.633,19.377,0.0554,0.900
1.820,6.910,9.709,0.0557,0.180
2.176,10.025,10.773,0.0372,0.240
4.016,8.168,6.475,0.0060,0.760
5.226,4.680,7.154,0.0340,0.920
3.707,3.457,8.151,0.0539,0.800
1.585,12.748,16.592,0.0189,0.000
4.510,8.573,13.907,0.0763,0.760
6.120,10.549,19.565,0.0533,0.800
6.026,11.402,18.618,0.0585,0.800
3.842,10.654,11.231,0.0580,0.680
5.499,8.731,5.084,0.0379,0.920
3.014,12.010,5.281,0.0323,0.580
6.577,13.741,6.584,0.0586,0.940
5.449,11.543,12.695,0.0527,0.820
2.193,12.612,11.361,0.0527,0.160
5.216,11.262,10.507,0.0320,0.820
2.444,5.730,9.921,0.0239,0.460
6.485,13.846,18.648,0.0993,0.820
7.665,9.958,7.084,0.0693,1.000
6.019,12.211,7.731,0.0669,0.900
6.080,3.163,18.844,0.0285,0.900
5.212,11.714,13.860,0.0287,0.760
1.372,10.333,7.920,0.0832,0.000
2.262,5.905,10.182,0.0178,0.380
6.143,2.793,12.574,0.0727,0.960
5.061,10.158,17.717,0.0617,0.740
7.061,8.384,9.541,0.0090,0.960
2.603,11.595,18.583,0.0448,0.180
4.658,10.862,18.739,0.0945,0.700
3.939,11.891,9.160,0.0133,0.660
1.435,4.002,10.664,0.0087,0.000
4.472,2.190,16.655,0.0634,0.800
4.359,6.985,19.166,0.0959,0.700
5.179,2.093,12.164,0.0557,0.900
7.242,7.881,16.891,0.0493,0.920
4.971,4.908,11.697,0.0123,0.840
7.781,4.487,6.644,0.0192,1.000
2.140,3.402,17.457,0.0191,0.220
2.914,2.188,6.256,0.0905,0.720
5.712,12.882,5.940,0.0478,0.900
7.018,3.503,10.626,0.0737,1.000
1.836,13.327,11.857,0.0066,0.000
2.268,9.302,5.713,0.0246,0.400
4.776,2.741,7.038,0.0513,0.920
1.602,12.219,16.631,0.0430,0.000
1.315,8.377,17.174,0.0097,0.000
5.706,10.960,9.176,0.0079,0.860
1.563,10.008,6.186,0.0759,0.020
6.841,12.706,7.959,0.0573,0.940
5.002,2.017,8.138,0.0386,0.920
1.443,2.699,10.400,0.0289,0.000
3.330,8.579,18.797,0.0138,0.440
7.593,13.434,7.662,0.0391,0.960
2.116,10.473,5.118,0.0928,0.380
3.075,7.150,18.564,0.0647,0.460
7.853,10.131,8.281,0.0716,1.000
3.132,13.933,12.275,0.0306,0.440
3.254,11.038,5.714,0.0216,0.640
7.322,4.097,19.712,0.0211,0.940
2.243,12.227,10.339,0.0546,0.240
6.023,4.908,12.203,0.0636,0.940
2.016,4.605,5.381,0.0149,0.420
2.242,2.255,9.567,0.0957,0.500
1.610,4.801,15.156,0.0875,0.000
2.933,10.003,14.317,0.0345,0.420
6.886,13.136,7.618,0.0616,0.940
6.955,4.253,14.075,0.0642,0.960
6.059,5.188,14.759,0.0684,0.920
4.833,11.857,10.145,0.0399,0.780
2.125,2.558,9.608,0.0640,0.440
6.139,7.579,19.106,0.0921,0.860
2.642,12.549,10.415,0.0307,0.360
1.721,5.727,13.885,0.0339,0.000
5.293,3.009,12.117,0.0075,0.880
7.164,5.644,14.967,0.0832,0.960
3.653,12.788,16.883,0.0483,0.500
1.906,4.457,19.947,0.0130,0.000
4.578,7.125,9.669,0.0270,0.820
2.713,10.462,5.885,0.0302,0.520
6.345,5.791,12.628,0.0159,0.920
4.702,2.801,18.137,0.0760,0.820
4.308,6.056,12.312,0.0516,0.780
7.633,2.721,13.886,0.0600,1.000
1.218,13.111,13.628,0.0541,0.000
1.552,7.746,7.451,0.0732,0.040
3.056,11.399,6.719,0.0404,0.580
4.126,5.763,19.632,0.0252,0.660
4.436,2.794,6.774,0.0382,0.900
3.280,5.162,9.520,0.0772,0.700
1.483,11.725,7.572,0.0944,0.000
3.133,9.295,7.499,0.0968,0.640
4.941,5.223,11.931,0.0940,0.860
2.464,4.169,5.702,0.0614,0.600
5.621,13.651,19.404,0.0989,0.740
7.050,11.433,13.683,0.0886,0.920
3.474,7.943,6.176,0.0452,0.720
3.251,3.343,5.622,0.0928,0.780
5.932,5.826,5.393,0.0085,0.960
2.954,7.255,13.088,0.0083,0.480
4.239,11.704,12.011,0.0984,0.720
1.908,12.667,13.567,0.0577,0.000
5.610,11.250,13.636,0.0153,0.800
2.510,9.764,5.546,0.0272,0.480
2.519,4.149,11.251,0.0395,0.500
2.105,2.458,19.871,0.0423,0.200
5.796,11.981,15.458,0.0432,0.800
3.523,8.887,9.845,0.0169,0.640
5.126,6.127,10.155,0.0515,0.880
5.728,11.322,9.188,0.0663,0.880
2.096,6.445,12.304,0.0609,0.280
7.192,6.016,14.412,0.0763,0.960
5.968,2.764,5.901,0.0287,1.000
3.535,11.751,8.684,0.0186,0.620
5.639,12.961,10.891,0.0785,0.840
3.005,7.815,9.049,0.0365,0.580
7.176,9.803,12.478,0.0853,0.940
2.836,9.273,9.427,0.0139,0.480
3.331,9.954,10.405,0.0970,0.620
1.636,13.994,11.461,0.0236,0.000
5.985,6.202,18.215,0.0326,0.860
4.352,9.986,19.713,0.0314,0.620
6.026,5.024,16.683,0.0097,0.860
6.629,4.976,5.785,0.0519,1.000
5.838,3.132,19.374,0.0138,0.860
5.935,11.903,12.961,0.0320,0.840
2.391,8.048,11.620,0.0777,0.380
7.291,3.503,19.529,0.0257,0.940
2.631,13.353,5.380,0.0544,0.480
6.928,10.602,10.540,0.0834,0.940
2.833,2.120,15.577,0.0149,0.540
2.236,7.759,9.562,0.0532,0.360
6.738,13.934,9.590,0.0304,0.900
7.765,11.052,9.463,0.0131,0.960
6.545,6.104,8.707,0.0174,0.960
6.650,9.937,14.629,0.0861,0.900
2.842,5.533,17.530,0.0663,0.460
1.350,2.438,7.835,0.0515,0.040
4.095,4.222,5.041,0.0862,0.860
3.498,4.016,9.075,0.0146,0.740
7.957,11.827,18.702,0.0454,0.900
5.081,12.475,5.664,0.0332,0.860
5.142,10.809,18.774,0.0636,0.740
1.869,8.292,16.173,0.0193,0.000
5.953,6.524,16.481,0.0772,0.880
3.823,6.579,16.639,0.0171,0.620
4.453,11.193,15.119,0.0796,0.700
5.499,10.996,11.553,0.0672,0.840
4.063,12.396,6.919,0.0243,0.720
3.444,9.091,7.821,0.0255,0.660
3.182,4.160,12.826,0.0569,0.640
5.092,2.816,15.857,0.0444,0.860
6.057,10.071,16.401,0.0662,0.840
2.066,4.715,12.332,0.0808,0.320
3.735,5.972,10.387,0.0942,0.740
4.556,8.695,5.569,0.0944,0.860
3.852,12.654,5.803,0.0387,0.720
1.568,10.031,16.554,0.0731,0.000
4.690,12.977,8.429,0.0421,0.780
5.200,7.699,14.023,0.0359,0.820
7.454,6.444,12.905,0.0445,0.980
2.257,4.849,6.095,0.0278,0.500
5.741,8.276,5.393,0.0053,0.920
1.794,8.217,13.167,0.0625,0.020
6.830,2.754,9.218,0.0096,1.000
7.752,10.097,17.784,0.0238,0.900
6.011,5.403,18.298,0.0101,0.840
5.722,2.562,18.466,0.0474,0.880
7.604,4.463,16.246,0.0915,0.980
5.483,13.068,11.607,0.0799,0.820
7.174,8.357,15.658,0.0063,0.900
3.141,5.552,10.922,0.0111,0.600
5.635,9.797,12.308,0.0195,0.840
4.139,9.671,16.270,0.0797,0.660
7.770,10.081,7.280,0.0863,1.000
2.012,9.920,9.612,0.0064,0.120
5.842,10.544,18.004,0.0959,0.820
2.202,2.071,13.678,0.0503,0.400
3.346,11.273,8.495,0.0750,0.620
4.185,2.024,12.753,0.0843,0.820
1.736,5.115,5.074,0.0158,0.280
7.169,12.663,9.773,0.0994,0.940
7.037,4.942,13.713,0.0798,0.980
6.816,9.190,12.553,0.0854,0.940
7.835,4.126,12.723,0.0653,1.000
1.410,8.916,12.123,0.0123,0.000
3.749,7.762,19.514,0.0652,0.580
3.932,8.987,14.366,0.0633,0.660
2.400,4.349,8.027,0.0701,0.540
6.255,7.847,9.129,0.0763,0.940
3.487,7.951,12.814,0.0320,0.620
5.046,8.407,10.621,0.0676,0.840
7.194,7.909,13.779,0.0868,0.960
2.976,2.179,17.072,0.0826,0.580
5.022,2.900,16.540,0.0205,0.840
5.011,3.762,16.808,0.0989,0.840
1.234,7.742,18.266,0.0761,0.000
4.356,10.533,12.057,0.0264,0.720
3.376,3.619,15.000,0.0683,0.660
4.508,4.827,7.707,0.0604,0.860
2.872,9.675,18.340,0.0324,0.320
7.019,6.563,16.478,0.0079,0.900
4.336,13.951,19.188,0.0357,0.560
7.492,5.027,11.474,0.0251,1.000
6.644,4.808,5.427,0.0789,1.000
4.559,2.504,8.957,0.0596,0.880
5.962,6.535,15.438,0.0348,0.880
4.692,2.775,13.948,0.0703,0.840
3.585,11.448,14.925,0.0731,0.560
3.331,5.645,18.393,0.0670,0.560
3.921,10.158,8.830,0.0175,0.700
2.220,4.557,15.010,0.0088,0.260
3.578,8.997,8.558,0.0804,0.700
7.253,4.737,18.339,0.0594,0.940
6.770,2.067,6.337,0.0100,1.000
5.074,9.093,12.256,0.0501,0.820
4.663,10.991,5.540,0.0816,0.840
1.455,11.389,5.484,0.0455,0.000
1.863,13.272,16.411,0.0933,0.000
2.519,12.405,14.157,0.0996,0.280
6.960,11.383,15.883,0.0368,0.880
2.235,12.540,19.002,0.0228,0.000
7.780,3.612,7.820,0.0782,1.000
3.822,5.296,19.094,0.0561,0.640
5.189,4.800,7.739,0.0511,0.920
3.374,8.265,11.347,0.0782,0.640
6.634,3.353,7.379,0.0473,1.000
2.958,4.052,9.701,0.0636,0.640
3.407,4.275,8.597,0.0512,0.740
4.601,5.391,18.346,0.0952,0.760
5.199,11.388,13.136,0.0874,0.800
2.239,11.740,14.866,0.0959,0.160
3.006,11.593,17.025,0.0702,0.380
2.235,11.142,8.908,0.0970,0.320
5.519,10.824,14.631,0.0430,0.800
1.663,3.287,12.885,0.0560,0.100
5.663,5.755,19.879,0.0330,0.820
7.961,3.638,18.697,0.0556,0.980
6.351,12.774,6.953,0.0289,0.920
7.957,3.606,7.927,0.0472,1.000
5.782,8.417,8.639,0.0993,0.920
7.720,12.411,5.405,0.0270,1.000
1.813,10.084,5.826,0.0290,0.180
4.201,7.749,13.301,0.0571,0.740
3.750,5.230,5.923,0.0865,0.820
6.662,6.548,7.707,0.0098,0.960
4.106,12.914,6.013,0.0397,0.740
1.353,12.424,13.332,0.0843,0.000
7.253,2.735,6.394,0.0329,1.000
3.215,9.001,5.125,0.0240,0.680
3.192,3.565,10.947,0.0184,0.660
2.198,8.521,17.254,0.0329,0.100
1.629,2.628,19.629,0.0690,0.000
7.329,6.843,16.552,0.0315,0.940
1.949,8.812,15.835,0.0559,0.020
4.545,3.285,17.831,0.0066,0.760
3.651,4.823,18.496,0.0531,0.640
3.580,5.793,5.500,0.0345,0.780
6.170,3.430,13.546,0.0398,0.940
4.222,10.139,12.376,0.0618,0.720
5.114,9.127,7.080,0.0666,0.880
6.982,10.743,12.781,0.0693,0.920
1.735,12.170,19.413,0.0769,0.000
3.570,10.904,16.827,0.0390,0.520
1.347,9.780,7.640,0.0375,0.000
7.191,5.776,10.437,0.0565,0.980
6.439,5.023,6.236,0.0643,1.000
6.078,3.482,7.861,0.0508,0.980
1.633,7.657,8.817,0.0285,0.020
3.618,5.952,13.876,0.0271,0.660
3.442,8.855,8.429,0.0735,0.680
1.874,9.361,13.637,0.0639,0.020
5.219,9.911,8.311,0.0953,0.880
7.188,7.983,9.667,0.0638,0.980
1.990,7.957,5.383,0.0143,0.320
2.886,3.275,5.420,0.0722,0.720
3.670,11.503,12.323,0.0231,0.580
6.754,12.509,6.831,0.0714,0.960
7.043,8.062,10.111,0.0719,0.980
4.089,3.245,6.961,0.0467,0.860
1.676,3.866,8.835,0.0204,0.180
4.192,2.155,16.489,0.0520,0.780
3.026,10.260,18.877,0.0702,0.380
1.399,13.534,17.479,0.0489,0.000
6.902,7.641,13.514,0.0081,0.920
6.120,13.056,5.958,0.0071,0.900
6.451,13.610,13.171,0.0643,0.860
1.536,2.423,5.676,0.0241,0.240
5.289,12.753,8.330,0.0635,0.840
2.641,8.987,8.761,0.0312,0.480
5.808,9.320,11.746,0.0516,0.880
4.474,9.053,6.974,0.0392,0.820
5.184,6.437,9.379,0.0745,0.900
7.735,6.616,11.511,0.0715,1.000
6.720,9.605,5.113,0.0547,0.980
1.845,6.468,17.730,0.0968,0.000
4.221,8.903,5.690,0.0260,0.800
3.164,4.582,7.435,0.0544,0.700
5.601,10.940,8.439,0.0467,0.880
6.629,2.488,8.553,0.0548,1.000
6.015,12.256,9.646,0.0769,0.880
3.372,11.823,16.340,0.0058,0.380
5.607,6.758,6.087,0.0673,0.940
2.030,7.260,10.988,0.0132,0.200
3.758,11.858,11.521,0.0640,0.640
4.062,2.910,15.716,0.0812,0.760
3.659,7.365,12.973,0.0483,0.660
1.914,9.339,5.464,0.0647,0.280
2.484,9.926,6.776,0.0646,0.460
2.180,10.616,11.003,0.0126,0.160
4.448,5.546,17.298,0.0288,0.740
7.584,13.491,15.986,0.0306,0.880
7.443,13.369,5.851,0.0475,0.980
3.399,9.283,18.340,0.0055,0.420
4.282,2.884,13.733,0.0811,0.820
7.871,7.772,19.393,0.0331,0.920
2.339,8.195,5.418,0.0548,0.480
3.663,13.940,6.924,0.0515,0.660
4.978,2.405,16.903,0.0529,0.840
2.483,2.434,12.476,0.0826,0.520
7.209,13.918,18.826,0.0758,0.860
5.821,2.382,19.541,0.0382,0.880
6.204,11.366,12.973,0.0766,0.880
2.352,2.544,14.801,0.0811,0.440
1.749,4.586,18.259,0.0437,0.000
3.328,13.784,19.450,0.0966,0.400
7.991,3.944,9.951,0.0572,1.000
4.159,8.916,7.737,0.0134,0.760
7.623,7.415,12.210,0.0387,0.980
7.232,6.671,9.072,0.0845,1.000
1.766,4.804,18.972,0.0391,0.000
7.713,2.057,17.053,0.0819,1.000
2.224,8.247,19.647,0.0715,0.100
2.143,9.810,5.970,0.0446,0.360
4.152,5.412,14.481,0.0539,0.740
5.256,12.207,19.709,0.0171,0.680
5.126,6.148,6.389,0.0312,0.900
3.381,11.625,12.358,0.0395,0.540
4.193,9.954,13.173,0.0605,0.700
2.889,4.843,15.356,0.0228,0.500
6.459,10.132,5.772,0.0087,0.940
2.682,12.103,11.816,0.0080,0.300
4.162,13.830,11.794,0.0529,0.660
1.431,6.291,8.452,0.0519,0.000
3.486,3.696,5.975,0.0302,0.780
1.422,8.815,11.257,0.0493,0.000
6.473,10.567,15.187,0.0279,0.860
5.598,7.590,12.107,0.0208,0.860
4.995,8.788,19.897,0.0559,0.740
6.562,3.334,6.753,0.0523,1.000
7.082,11.872,6.608,0.0157,0.960
5.948,6.930,16.636,0.0699,0.880
3.608,10.116,14.279,0.0471,0.580
7.424,11.565,13.581,0.0853,0.940
2.402,7.104,11.317,0.0572,0.400
3.919,4.440,16.752,0.0609,0.700
7.096,5.368,12.840,0.0443,0.960
6.067,13.403,18.661,0.0327,0.760
3.239,5.956,6.789,0.0367,0.700
7.933,13.342,7.274,0.0447,0.980
4.028,12.608,19.778,0.0587,0.540
5.791,3.895,18.946,0.0223,0.860
1.764,9.378,5.570,0.0260,0.160
3.225,9.286,13.733,0.0817,0.540
6.654,11.135,8.650,0.0991,0.940
7.325,7.815,6.698,0.0214,1.000
1.292,8.637,9.963,0.0399,0.000
6.576,2.151,15.030,0.0322,0.960
1.545,7.358,15.951,0.0996,0.000
7.571,3.458,9.127,0.0574,1.000
5.175,6.120,12.845,0.0895,0.860
5.287,12.353,18.058,0.0345,0.720
4.801,6.015,11.101,0.0980,0.860
1.861,13.954,19.294,0.0938,0.000
7.705,5.513,19.961,0.0928,0.960
4.132,4.616,6.214,0.0876,0.860
6.737,7.171,5.235,0.0902,1.000
7.490,2.247,18.341,0.0112,0.960
4.430,4.451,15.556,0.0332,0.780
5.727,13.157,16.521,0.0331,0.760
6.886,12.305,12.000,0.0356,0.900
2.568,6.006,19.267,0.0989,0.340
5.082,12.835,5.323,0.0261,0.840
6.727,10.679,17.674,0.0506,0.860
7.546,4.240,12.599,0.0450,1.000
5.004,5.447,11.115,0.0949,0.880
1.967,12.765,8.626,0.0315,0.100
5.564,9.169,7.891,0.0107,0.880
2.577,2.316,10.128,0.0818,0.580
2.674,9.856,11.369,0.0291,0.400
3.574,8.245,19.168,0.0698,0.540
5.611,9.137,10.624,0.0559,0.880
6.013,4.122,8.699,0.0924,0.960
1.719,11.461,15.801,0.0691,0.000
6.176,11.984,11.520,0.0786,0.880
5.157,6.212,9.322,0.0426,0.880
2.418,10.837,18.276,0.0106,0.060
4.764,6.825,8.506,0.0745,0.860
1.648,6.446,18.149,0.0190,0.000
6.583,10.604,12.591,0.0844,0.920
4.540,4.592,16.070,0.0537,0.780
5.564,6.160,6.856,0.0578,0.940
6.072,12.149,15.156,0.0785,0.840
6.344,2.490,17.379,0.0168,0.920
3.958,13.712,16.110,0.0928,0.580
1.917,3.329,13.107,0.0806,0.260
4.540,8.889,19.109,0.0220,0.660
7.769,7.551,19.994,0.0709,0.940
7.452,4.302,19.831,0.0754,0.960
3.066,8.606,8.810,0.0204,0.580
3.686,3.989,12.913,0.0427,0.720
5.624,9.705,16.632,0.0093,0.780
7.485,13.855,12.750,0.0852,0.920
7.794,5.647,8.284,0.0790,1.000
6.012,7.991,5.820,0.0659,0.960
7.340,5.291,10.896,0.0088,0.980
6.269,9.995,9.190,0.0480,0.920
4.681,11.382,9.742,0.0799,0.800
6.440,3.516,10.597,0.0269,0.960
4.078,7.133,6.382,0.0586,0.820
2.837,12.413,19.207,0.0132,0.180
2.840,9.402,19.245,0.0144,0.260
5.608,4.649,16.955,0.0443,0.860
6.503,10.665,6.095,0.0317,0.960
5.960,6.754,7.969,0.0508,0.940
3.280,4.235,15.082,0.0174,0.600
2.017,11.720,8.682,0.0066,0.100
4.355,12.272,8.305,0.0076,0.720
1.289,7.885,9.334,0.0296,0.000
2.825,4.621,10.507,0.0995,0.600
4.002,2.620,9.196,0.0464,0.820
2.567,10.331,19.833,0.0172,0.120
6.558,3.244,17.381,0.0696,0.940
7.634,10.966,8.767,0.0762,0.980
4.279,13.631,8.312,0.0794,0.740
2.723,11.545,14.813,0.0820,0.340
2.662,6.201,16.535,0.0662,0.400
7.330,9.836,8.849,0.0918,0.980
2.739,13.854,13.874,0.0202,0.260
7.454,2.211,18.045,0.0296,0.980
6.528,13.909,5.107,0.0830,0.940
5.054,13.899,11.190,0.0406,0.760
1.702,13.743,8.710,0.0455,0.000
1.427,12.935,13.569,0.0807,0.000
5.500,11.026,19.258,0.0673,0.760
3.383,12.445,6.765,0.0226,0.620
4.573,8.865,11.269,0.0109,0.760
3.095,6.325,14.892,0.0289,0.520
3.109,7.067,7.920,0.0963,0.660
4.455,7.892,18.235,0.0673,0.700
3.882,12.968,10.483,0.0326,0.640
7.511,6.994,11.771,0.0496,0.980
2.860,9.570,12.437,0.0055,0.400
5.256,8.571,9.891,0.0791,0.880
5.268,11.286,11.105,0.0365,0.820
6.697,9.267,16.776,0.0172,0.860
2.231,11.194,8.328,0.0406,0.300
3.180,6.076,18.226,0.0672,0.520
6.216,2.773,14.926,0.0488,0.940
3.910,8.814,14.239,0.0737,0.680
3.452,12.751,7.396,0.0823,0.640
7.284,6.221,8.690,0.0193,1.000
4.809,9.869,16.708,0.0314,0.720
3.803,3.597,5.435,0.0402,0.840
5.907,12.180,13.913,0.0966,0.840
3.315,5.364,11.607,0.0909,0.680
7.818,9.325,8.848,0.0254,0.980
3.488,13.541,19.503,0.0415,0.400
7.164,10.083,13.756,0.0361,0.920
2.033,11.289,9.065,0.0572,0.200
3.417,9.673,17.546,0.0887,0.520
1.333,11.905,6.848,0.0495,0.000
1.660,11.082,9.750,0.0891,0.000
4.922,12.494,19.539,0.0706,0.680
4.504,10.829,12.020,0.0183,0.720
4.352,8.322,18.815,0.0635,0.680
6.444,9.617,17.536,0.0201,0.840
7.196,3.391,12.047,0.0253,1.000
3.722,3.738,17.423,0.0149,0.660
6.613,3.576,10.478,0.0166,0.980
3.694,12.218,6.196,0.0163,0.680
3.386,9.330,18.658,0.0209,0.460
6.651,12.130,17.863,0.0123,0.820
5.740,2.296,17.639,0.0884,0.900
5.753,3.749,17.000,0.0448,0.880
6.811,13.712,6.175,0.0714,0.960
4.464,12.577,19.285,0.0575,0.620
7.918,4.663,19.653,0.0107,0.940
7.252,12.809,7.250,0.0333,0.960
6.725,13.056,6.009,0.0771,0.960
2.078,2.106,16.370,0.0934,0.300
5.910,8.926,5.131,0.0673,0.960
6.318,11.251,18.645,0.0576,0.820
5.105,2.175,11.803,0.0067,0.880
1.475,7.022,9.372,0.0230,0.000
7.624,6.274,10.948,0.0469,1.000
1.267,10.182,8.000,0.0390,0.000
4.348,10.428,18.068,0.0123,0.600
1.205,11.757,19.734,0.0179,0.000
1.864,4.508,6.244,0.0581,0.360
2.888,6.006,11.347,0.0205,0.540
2.456,3.364,15.874,0.0626,0.420
3.120,8.673,18.675,0.0334,0.420
3.018,10.280,12.129,0.0144,0.460
7.212,11.982,9.698,0.0119,0.920
7.625,9.580,17.724,0.0276,0.920
6.477,12.109,11.171,0.0794,0.900
7.181,6.824,11.732,0.0203,0.960
5.532,11.393,6.614,0.0973,0.900
4.013,9.337,12.290,0.0292,0.680
5.616,11.366,15.237,0.0545,0.800
4.719,9.841,19.874,0.0476,0.680
2.636,13.021,17.795,0.0738,0.200
2.251,6.390,8.210,0.0354,0.420
1.713,3.943,19.245,0.0100,0.000
6.944,10.024,16.713,0.0071,0.860
4.796,5.263,12.141,0.0876,0.840
5.528,13.754,9.264,0.0252,0.820
1.881,8.687,11.876,0.0939,0.120
1.411,4.692,17.516,0.0989,0.000
6.836,11.247,6.641,0.0069,0.940
3.766,5.227,19.836,0.0311,0.620
4.315,4.870,16.560,0.0603,0.760
6.510,11.275,8.124,0.0963,0.940
5.875,4.324,16.530,0.0113,0.880
7.726,4.798,8.012,0.0053,1.000
6.668,12.197,19.492,0.0323,0.820
6.078,2.337,9.496,0.0669,0.980
6.458,13.300,16.279,0.0378,0.820
2.488,9.957,9.782,0.0767,0.400
6.939,12.347,14.012,0.0535,0.900
4.270,13.805,14.931,0.0384,0.620
2.907,13.547,10.264,0.0221,0.420
4.662,6.654,9.732,0.0273,0.820
3.140,9.092,16.235,0.0503,0.480
7.533,3.711,16.069,0.0562,0.980
1.794,3.941,13.720,0.0641,0.140
6.134,9.761,9.537,0.0263,0.900
3.667,4.716,17.020,0.0759,0.660
4.855,8.556,13.384,0.0482,0.800
7.653,2.074,6.797,0.0084,1.000
7.805,9.064,13.210,0.0965,0.980
7.133,6.473,7.018,0.0453,1.000
4.458,2.030,14.152,0.0299,0.820
3.941,7.314,15.290,0.0667,0.680
7.419,13.546,10.518,0.0478,0.940
3.341,5.602,19.780,0.0194,0.500
1.655,3.666,14.870,0.0060,0.000
4.517,4.161,14.174,0.0742,0.820
2.101,11.069,15.489,0.0069,0.000
4.972,3.004,9.150,0.0632,0.920
5.221,9.296,6.355,0.0539,0.900
4.431,11.631,11.302,0.0871,0.740
1.315,5.386,11.887,0.0619,0.000
5.519,6.408,16.588,0.0970,0.860
7.902,2.802,13.562,0.0789,1.000
3.320,3.902,12.355,0.0749,0.680
2.934,10.423,15.009,0.0158,0.380
2.226,9.264,9.987,0.0237,0.280
5.348,6.370,12.913,0.0506,0.860
6.346,4.372,16.212,0.0852,0.920
5.033,7.337,5.805,0.0693,0.900
3.380,2.526,8.217,0.0805,0.760
1.752,4.169,8.893,0.0372,0.220
2.623,3.437,12.067,0.0323,0.520
5.294,7.486,9.926,0.0414,0.880
3.194,3.400,7.539,0.0318,0.720
7.347,7.537,8.929,0.0182,0.980
2.577,9.132,9.954,0.0962,0.460
2.320,9.470,19.921,0.0156,0.020
4.120,4.171,14.644,0.0374,0.760
3.112,5.099,12.067,0.0915,0.640
7.605,5.074,15.019,0.0261,0.980
2.567,9.260,6.723,0.0854,0.520
1.545,10.848,15.807,0.0854,0.000
3.381,8.646,9.929,0.0152,0.620
7.497,6.694,12.118,0.0689,0.980
5.031,11.544,5.058,0.0791,0.880
3.678,5.717,10.750,0.0108,0.700
5.584,12.373,17.997,0.0475,0.760
7.404,5.471,19.398,0.0350,0.940
2.906,10.754,10.566,0.0514,0.480
1.650,12.550,12.486,0.0994,0.000
4.271,5.804,14.224,0.0499,0.760
1.908,8.429,16.455,0.0437,0.000
6.684,10.773,15.361,0.0983,0.900
7.163,11.047,8.651,0.0440,0.960
6.331,4.920,19.081,0.0409,0.880
2.339,2.914,7.218,0.0859,0.560
1.728,10.226,13.989,0.0564,0.000
6.597,6.097,13.627,0.0866,0.940
1.873,11.521,17.053,0.0873,0.000
7.848,12.441,10.180,0.0208,0.960
1.543,9.681,16.813,0.0191,0.000
7.210,5.659,16.382,0.0944,0.960
7.928,6.554,16.208,0.0744,0.980
3.489,10.641,14.167,0.0363,0.540
4.118,4.480,13.809,0.0344,0.760
3.918,8.219,15.564,0.0591,0.660
3.765,13.630,7.847,0.0550,0.660
4.749,2.098,16.801,0.0800,0.840
7.570,8.330,10.127,0.0372,0.980
4.572,12.283,16.898,0.0144,0.620
7.491,4.023,5.584,0.0284,1.000
4.508,5.570,12.644,0.0678,0.800
5.064,12.973,5.059,0.0097,0.840
7.976,11.831,7.282,0.0310,1.000
4.205,3.361,6.091,0.0342,0.880
5.342,6.756,17.807,0.0533,0.820
4.789,11.400,14.406,0.0115,0.700
7.896,5.843,5.293,0.0323,1.000
6.818,5.948,18.920,0.0197,0.900
3.363,13.254,17.313,0.0100,0.360
7.452,13.823,10.849,0.0935,0.940
7.005,8.729,8.298,0.0541,0.980
3.706,13.683,7.883,0.0519,0.660
1.459,11.879,19.521,0.0528,0.000
6.079,6.612,15.584,0.0955,0.900
2.062,6.184,10.306,0.0070,0.240
2.529,6.701,12.036,0.0496,0.440
6.280,11.602,5.937,0.0912,0.940
3.226,11.283,10.533,0.0959,0.580
7.448,2.059,16.661,0.0184,0.980
2.627,6.628,15.922,0.0947,0.420
4.325,6.455,8.822,0.0577,0.820
2.581,6.748,14.417,0.0405,0.400
5.065,12.650,14.488,0.0349,0.740
2.154,11.219,18.035,0.0316,0.000
7.682,11.374,12.798,0.0154,0.940
7.518,7.146,17.308,0.0619,0.940
3.212,5.325,15.919,0.0951,0.600
2.502,9.515,17.354,0.0289,0.220
4.482,2.215,15.895,0.0969,0.820
5.590,11.381,16.160,0.0348,0.780
7.312,11.967,14.174,0.0231,0.900
1.881,3.698,14.912,0.0811,0.180
7.322,13.418,8.847,0.0322,0.940
6.918,8.904,9.488,0.0103,0.940
6.674,9.382,19.625,0.0464,0.860
6.076,7.329,5.468,0.0769,0.960
7.448,8.231,17.433,0.0775,0.940
7.913,11.772,10.909,0.0813,0.980
5.102,2.441,7.796,0.0949,0.940
2.493,11.618,18.548,0.0300,0.120
7.993,10.527,13.099,0.0514,0.960
6.832,9.917,11.372,0.0154,0.920
4.822,3.278,5.969,0.0502,0.920
2.979,10.759,9.100,0.0752,0.540
7.716,11.073,17.535,0.0544,0.920
3.555,10.130,15.637,0.0403,0.540
4.495,12.321,11.439,0.0975,0.740
5.614,8.112,13.526,0.0289,0.840
5.652,13.581,15.098,0.0128,0.760
7.902,10.010,19.699,0.0181,0.900
2.104,2.619,19.919,0.0319,0.200
5.718,4.656,5.580,0.0159,0.960
6.170,4.208,19.834,0.0769,0.880
6.211,11.110,9.322,0.0249,0.900
2.537,7.201,18.384,0.0483,0.280
4.038,4.949,13.257,0.0704,0.760
2.452,6.221,12.806,0.0623,0.400
3.292,10.746,16.519,0.0751,0.480
2.112,9.952,13.920,0.0998,0.160
5.000,12.979,5.015,0.0703,0.860
3.043,10.512,17.334,0.0965,0.420
5.633,3.414,6.355,0.0576,0.980
7.398,12.516,6.825,0.0493,0.980
6.668,3.006,16.246,0.0370,0.940
2.543,7.383,15.428,0.0054,0.260
4.921,13.202,17.667,0.0207,0.660
5.704,11.852,19.995,0.0611,0.760
4.414,7.986,12.336,0.0306,0.760
2.918,11.842,13.678,0.0170,0.360
3.355,7.336,13.001,0.0566,0.620
2.101,8.578,7.274,0.0700,0.340
2.194,4.359,11.100,0.0515,0.400
3.060,5.490,6.845,0.0254,0.680
3.649,12.442,13.256,0.0216,0.540
7.125,4.963,11.628,0.0593,0.980
1.607,13.792,7.009,0.0296,0.000
4.279,6.301,19.060,0.0926,0.700
5.654,5.470,13.571,0.0848,0.900
3.768,8.692,19.600,0.0589,0.560
3.237,13.061,12.685,0.0401,0.480
5.416,8.224,15.375,0.0203,0.800
2.561,11.445,10.967,0.0180,0.320
6.091,10.136,16.129,0.0997,0.860
4.142,7.325,10.406,0.0195,0.760
2.832,3.012,11.309,0.0591,0.620
6.965,7.326,7.246,0.0328,0.980
3.890,9.916,19.009,0.0898,0.580
2.616,11.387,5.968,0.0456,0.480
6.399,2.973,5.861,0.0324,1.000
3.751,2.136,6.290,0.0284,0.840
7.891,11.746,10.841,0.0650,0.960
1.461,7.740,18.046,0.0788,0.000
3.719,10.781,14.710,0.0820,0.600
1.243,9.171,15.903,0.0353,0.000
7.506,6.257,14.949,0.0052,0.940
2.679,7.309,13.624,0.0348,0.420
6.994,9.391,10.293,0.0500,0.960
4.155,7.203,6.548,0.0144,0.800
5.941,6.771,6.962,0.0894,0.960
6.699,8.141,17.954,0.0378,0.880
2.720,8.179,17.368,0.0939,0.380
7.716,8.048,16.106,0.0663,0.960
2.905,9.657,10.570,0.0050,0.440
6.455,5.968,14.551,0.0946,0.940
5.931,8.923,6.158,0.0070,0.920
7.087,11.472,9.120,0.0088,0.920
2.749,4.445,16.283,0.0943,0.500
2.074,10.981,10.950,0.0576,0.160
3.353,6.365,6.970,0.0219,0.700
4.559,12.002,9.060,0.0720,0.780
1.362,13.128,19.490,0.0454,0.000
5.022,3.201,12.389,0.0360,0.880
5.967,13.876,18.154,0.0793,0.780
6.035,13.742,5.511,0.0218,0.900
4.617,6.404,15.211,0.0571,0.780
4.624,8.853,5.467,0.0729,0.860
4.795,4.079,5.735,0.0354,0.920
4.546,3.215,8.494,0.0973,0.880
6.367,12.248,12.962,0.0302,0.860
2.297,11.116,12.745,0.0833,0.240
7.034,13.207,15.962,0.0856,0.880
3.744,7.094,15.962,0.0268,0.620
5.999,3.769,15.069,0.0215,0.900
2.782,3.715,9.583,0.0416,0.600
2.175,9.560,14.139,0.0992,0.200
1.307,8.842,15.135,0.0469,0.000
7.256,2.960,6.919,0.0541,1.000
2.891,6.446,5.988,0.0467,0.640
3.607,8.447,13.303,0.0119,0.600
2.235,3.468,7.170,0.0775,0.520
6.004,12.336,19.956,0.0926,0.780
5.691,7.856,11.961,0.0688,0.880
6.162,13.271,18.461,0.0436,0.780
6.309,5.717,14.653,0.0527,0.920
6.457,4.784,15.123,0.1000,0.940
3.829,12.037,17.964,0.0521,0.540
6.502,12.380,7.554,0.0658,0.940
7.522,3.850,16.177,0.0425,0.980
6.456,13.197,19.641,0.0897,0.820
1.379,5.249,19.494,0.0967,0.000
3.866,3.117,14.051,0.0814,0.760
2.230,7.206,17.960,0.0684,0.180
6.162,6.493,14.048,0.0136,0.880
5.152,7.354,7.329,0.0319,0.900
3.895,8.008,18.151,0.0888,0.640
6.562,7.945,12.139,0.0492,0.920
2.415,6.602,15.053,0.0549,0.340
3.041,6.873,10.255,0.0947,0.620
3.833,2.207,6.837,0.0121,0.840
5.841,9.975,5.600,0.0955,0.940
1.709,7.991,10.417,0.0930,0.080
6.915,7.141,14.954,0.0652,0.940
6.536,6.726,13.984,0.0113,0.900
7.320,2.941,11.583,0.0364,1.000
7.274,3.711,6.760,0.0277,1.000
3.900,10.478,18.244,0.0863,0.600
3.717,5.705,18.960,0.0633,0.620
4.010,13.635,16.137,0.0319,0.560
7.898,6.663,15.335,0.0702,0.980
3.518,2.419,16.930,0.0643,0.680
6.417,4.922,12.770,0.0074,0.920
6.473,10.623,15.964,0.0340,0.860
6.763,7.598,11.633,0.0169,0.940
6.707,12.895,17.404,0.0660,0.840
5.012,13.558,9.845,0.0480,0.780
5.536,5.208,16.449,0.0148,0.840
5.703,9.150,17.790,0.0392,0.800
6.342,7.689,10.406,0.0893,0.940
6.012,2.309,18.724,0.0290,0.900
2.368,2.919,10.055,0.0175,0.480
4.438,5.823,9.808,0.0362,0.820
7.784,7.019,13.194,0.0345,0.980
5.575,12.714,11.714,0.0434,0.820
6.637,4.729,17.558,0.0582,0.920
4.209,12.648,8.126,0.0549,0.740
7.015,2.626,7.948,0.0633,1.000
4.189,4.783,19.542,0.0839,0.720
7.970,4.951,12.967,0.0617,1.000
6.437,5.789,9.186,0.0400,0.960
2.366,2.222,14.478,0.0353,0.440
6.830,10.158,11.009,0.0736,0.940
6.380,13.959,14.122,0.0424,0.840
6.783,13.090,16.742,0.0731,0.860
4.540,4.191,9.318,0.0087,0.840
2.817,12.605,8.248,0.0543,0.480
6.753,4.290,17.529,0.0964,0.940
6.330,11.238,16.458,0.0364,0.840
2.089,4.997,12.873,0.0495,0.280
5.058,11.515,8.755,0.0439,0.820
4.465,9.117,15.268,0.0610,0.720
2.917,7.155,18.592,0.0265,0.400
3.099,6.956,8.805,0.0980,0.640
7.432,6.116,17.736,0.0884,0.960
2.255,11.080,18.066,0.0983,0.100
3.815,10.124,7.953,0.0198,0.700
6.298,2.988,7.376,0.0119,0.980
3.162,13.561,10.120,0.0584,0.520
4.622,10.008,14.034,0.0251,0.720
1.745,4.825,18.762,0.0186,0.000
4.075,4.864,7.285,0.0802,0.840
5.628,4.220,13.927,0.0560,0.900
7.255,2.380,12.254,0.0948,1.000
6.704,4.019,9.077,0.0335,0.980
5.756,4.651,11.365,0.0387,0.920
1.471,5.806,6.919,0.0318,0.040
3.446,5.801,15.389,0.0580,0.620
2.878,9.518,16.653,0.0324,0.360
6.757,7.382,12.743,0.0294,0.940
6.973,4.491,10.969,0.0504,0.980
6.195,5.353,15.891,0.0547,0.900
2.823,2.363,15.425,0.0540,0.560
2.787,5.645,15.026,0.0052,0.420
6.960,3.912,5.894,0.0788,1.000
2.072,7.434,12.447,0.0225,0.180
1.701,13.096,19.360,0.0212,0.000
6.311,2.162,18.121,0.0702,0.940
5.075,5.552,16.302,0.0640,0.820
2.608,3.681,8.575,0.0514,0.580
3.563,13.182,12.029,0.0623,0.580
1.474,10.889,10.271,0.0536,0.000
5.990,13.609,11.074,0.0912,0.860
6.050,3.452,19.926,0.0499,0.880
2.737,6.082,19.611,0.0393,0.360
3.417,11.229,7.239,0.0976,0.660
6.144,11.148,19.056,0.0780,0.820
6.440,2.234,15.570,0.0586,0.960
2.656,5.418,7.638,0.0749,0.600
6.869,7.588,19.738,0.0075,0.860
7.645,11.634,12.501,0.0944,0.960
7.634,2.200,13.874,0.0444,1.000
4.911,10.932,16.900,0.0798,0.740
4.084,10.996,8.301,0.0120,0.720
5.974,13.709,17.809,0.0229,0.760
5.116,3.590,8.891,0.0545,0.920
2.389,3.734,15.549,0.0444,0.380
1.931,2.195,9.900,0.0887,0.380
5.867,4.133,18.580,0.0927,0.880
3.863,5.336,5.142,0.0299,0.820
4.209,9.574,17.137,0.0487,0.660
7.937,13.857,14.482,0.0103,0.900
3.302,2.920,11.115,0.0181,0.700
2.014,5.704,8.715,0.0779,0.340
5.583,7.269,11.696,0.0546,0.880
6.383,5.618,6.577,0.0666,0.980
7.144,8.860,12.896,0.0351,0.940
6.940,10.909,15.015,0.0376,0.900
2.569,5.318,13.086,0.0880,0.480
3.257,4.680,9.146,0.0844,0.700
5.885,4.086,10.691,0.0056,0.920
6.066,6.016,12.362,0.0854,0.920
4.962,7.478,5.896,0.0634,0.900
3.642,11.900,9.808,0.0318,0.620
6.273,7.800,13.646,0.0888,0.920
7.476,10.833,8.198,0.0101,0.960
6.458,13.693,6.679,0.0776,0.920
4.974,8.155,12.531,0.0998,0.820
7.296,3.058,17.979,0.0509,0.960
2.052,13.714,19.395,0.0689,0.000
7.559,3.457,8.030,0.0595,1.000
2.405,12.344,11.150,0.0706,0.280
5.436,4.090,16.371,0.0253,0.860
7.672,5.924,7.719,0.0939,1.000
2.767,4.886,5.899,0.0688,0.660
5.839,6.408,8.198,0.0952,0.940
5.120,10.361,12.525,0.0216,0.780
3.008,11.228,12.787,0.0643,0.460
6.812,6.518,17.665,0.0435,0.900
7.273,2.072,11.040,0.0122,1.000
7.713,9.519,8.655,0.0840,1.000
3.038,2.231,11.566,0.0216,0.660
5.764,3.394,6.711,0.0483,0.980
3.088,2.303,13.912,0.0624,0.640
3.763,8.824,19.112,0.0541,0.560
2.732,3.546,17.462,0.0686,0.480
5.560,11.465,12.858,0.0747,0.840
5.427,11.983,15.733,0.0947,0.780
2.964,8.008,15.247,0.0355,0.460
5.342,13.150,17.509,0.0235,0.720
4.495,3.020,5.682,0.0393,0.900
3.332,4.660,9.156,0.0077,0.680
4.533,12.614,6.017,0.0983,0.820
7.074,13.209,14.662,0.0492,0.880
6.726,7.355,14.952,0.0735,0.920
3.658,13.031,5.584,0.0989,0.700
6.043,4.518,17.853,0.0256,0.880
4.187,11.828,10.714,0.0875,0.720
4.828,7.261,15.738,0.0914,0.800
1.473,12.018,17.576,0.0360,0.000
6.568,3.578,14.392,0.0755,0.960
4.929,13.891,12.335,0.0682,0.760
4.224,5.506,16.621,0.0839,0.740
5.416,2.034,18.734,0.0619,0.880
5.906,8.993,19.148,0.0473,0.820
2.618,5.995,12.798,0.0338,0.460
4.458,13.961,11.906,0.0880,0.720
3.935,11.198,7.507,0.0504,0.720
7.490,4.540,18.965,0.0236,0.940
7.907,13.054,12.328,0.0888,0.960
6.882,9.293,17.893,0.0974,0.900
5.931,12.053,13.391,0.0348,0.840
1.560,5.400,8.345,0.0126,0.040
5.497,10.797,17.162,0.0359,0.780
7.312,2.251,14.723,0.0655,1.000
7.421,9.779,8.607,0.0098,0.960
6.907,8.060,8.128,0.0571,0.980
5.643,8.478,18.464,0.0779,0.820
4.670,13.081,9.432,0.0762,0.780
5.390,8.899,18.018,0.0199,0.760
4.698,7.833,18.126,0.0560,0.740
2.518,4.029,19.511,0.0381,0.340
5.336,2.734,8.546,0.0282,0.940
6.444,11.582,7.494,0.0363,0.920
3.084,6.051,6.190,0.0506,0.700
4.229,7.929,13.163,0.0737,0.740
1.498,12.105,19.047,0.0551,0.000
7.353,5.232,16.715,0.0954,0.960
7.743,11.315,16.194,0.0854,0.940
1.900,10.585,9.902,0.0948,0.140
6.535,8.350,17.202,0.0058,0.840
5.011,7.850,18.302,0.0335,0.760
2.163,10.298,6.713,0.0628,0.340
1.372,3.766,18.390,0.0541,0.000
5.655,10.268,19.189,0.0769,0.780
6.473,3.508,10.978,0.0124,0.960
1.360,4.086,18.414,0.0680,0.000
6.318,8.020,8.196,0.0827,0.960
2.858,3.648,19.658,0.0463,0.460
6.074,12.493,18.920,0.0788,0.800
1.740,9.582,13.060,0.0997,0.000
6.695,10.015,8.484,0.0991,0.960
5.480,5.313,5.240,0.0057,0.940
4.735,5.673,11.092,0.0832,0.840
2.123,8.354,16.731,0.0542,0.120
7.114,2.236,18.884,0.0682,0.960
3.570,6.935,15.408,0.0715,0.620
7.891,10.365,16.850,0.0210,0.920
6.091,9.155,9.081,0.0858,0.920
3.164,4.720,6.249,0.0348,0.720
2.621,8.750,16.389,0.0140,0.280
1.594,11.897,8.597,0.0696,0.000
7.397,8.198,12.479,0.0534,0.960
4.316,2.227,12.121,0.0731,0.840
6.314,10.421,16.179,0.0702,0.860
5.289,11.578,8.058,0.0590,0.860
3.407,3.253,6.169,0.0678,0.780
5.396,2.443,15.823,0.0742,0.900
2.778,8.955,7.261,0.0439,0.560
7.931,10.871,19.041,0.0252,0.900
7.075,9.487,9.863,0.0110,0.940
2.281,12.463,10.834,0.0589,0.240
6.295,11.038,17.818,0.0653,0.840
6.827,4.565,7.318,0.0839,1.000
2.442,9.376,17.363,0.0769,0.240
6.760,3.789,9.451,0.0235,0.980
2.418,13.741,9.474,0.0804,0.300
3.464,6.724,14.800,0.0229,0.600
3.400,5.558,13.901,0.0784,0.640
3.170,3.031,8.406,0.0293,0.720
6.714,3.357,10.823,0.0502,0.980
3.306,13.434,11.213,0.0318,0.500
5.279,7.571,13.026,0.0809,0.860
3.111,8.057,9.803,0.0669,0.600
2.290,12.349,19.070,0.0822,0.040
3.277,6.761,16.258,0.0482,0.560
6.075,13.936,15.200,0.0948,0.820
5.502,6.349,13.069,0.0059,0.840
2.238,11.365,13.303,0.0468,0.160
4.226,6.223,15.616,0.0632,0.740
2.531,11.558,5.983,0.0796,0.480
6.787,2.273,12.580,0.0094,0.980
2.718,10.782,11.008,0.0326,0.420
6.311,5.909,7.790,0.0278,0.960
5.416,8.439,10.339,0.0982,0.880
3.438,12.323,14.260,0.0311,0.500
5.309,3.593,8.955,0.0919,0.940
1.539,7.782,7.583,0.0458,0.020
5.478,13.757,14.818,0.0812,0.780
6.756,3.273,6.937,0.0902,1.000
7.864,8.628,11.173,0.0510,0.980
7.849,10.143,11.169,0.0063,0.960
4.765,5.928,11.465,0.0920,0.840
7.373,8.757,18.113,0.0502,0.920
5.408,7.662,13.054,0.0454,0.860
6.706,11.696,12.063,0.0313,0.900
5.854,12.742,11.389,0.0947,0.860
5.946,6.529,17.143,0.0648,0.860
6.695,4.571,6.214,0.0153,1.000
2.289,5.585,18.744,0.0106,0.160
4.515,6.759,18.984,0.0557,0.720
2.763,4.253,5.580,0.0120,0.640
1.884,5.268,13.743,0.0115,0.100
1.702,9.862,14.154,0.0794,0.000
1.799,7.943,5.125,0.0087,0.220
7.026,8.740,16.172,0.0856,0.920
1.526,7.762,10.509,0.0068,0.000
1.796,13.044,11.792,0.0323,0.000
4.432,13.239,6.620,0.0211,0.760
5.724,2.361,14.060,0.0753,0.920
6.948,7.332,9.320,0.0716,0.980
2.426,2.833,5.105,0.0752,0.620
4.237,2.766,9.011,0.0500,0.860
6.351,9.925,15.807,0.0233,0.860
2.960,11.583,13.736,0.0459,0.420
4.555,5.713,18.976,0.0373,0.720
5.926,6.119,16.743,0.0836,0.880
5.176,6.479,17.960,0.0948,0.820
2.311,7.896,6.887,0.0829,0.460
4.942,4.054,5.071,0.0249,0.920
7.819,5.980,6.935,0.0760,1.000
2.253,5.282,12.064,0.0566,0.380
3.976,11.192,10.075,0.0763,0.700
4.807,4.732,5.114,0.0538,0.920
7.039,6.420,15.928,0.0674,0.940
1.520,2.678,14.870,0.0145,0.000
1.652,10.371,12.073,0.0822,0.000
3.939,3.597,12.210,0.0793,0.780
4.906,13.084,10.435,0.0821,0.780
3.423,13.759,10.997,0.0495,0.540
2.475,13.602,13.365,0.0924,0.240
2.258,2.311,5.306,0.0105,0.560
5.769,7.930,9.834,0.0230,0.900
7.137,9.777,8.684,0.0701,0.980
3.400,11.176,14.303,0.0748,0.540
4.772,5.737,10.469,0.0630,0.860
4.687,11.709,10.228,0.0815,0.780
7.765,12.248,15.992,0.0230,0.900
4.391,2.224,17.574,0.0589,0.780
5.440,7.911,18.795,0.0822,0.800
4.730,4.374,6.031,0.0180,0.900
5.126,3.619,16.967,0.0681,0.840
4.599,7.889,6.359,0.0584,0.860
3.213,8.133,5.798,0.0614,0.700
3.234,11.460,19.895,0.0275,0.360
6.802,10.303,8.613,0.0491,0.960
5.843,4.261,13.269,0.0754,0.920
1.743,11.040,8.722,0.0175,0.000
6.519,4.775,11.266,0.0292,0.960
7.654,13.178,18.825,0.0783,0.880
2.740,3.042,18.557,0.0167,0.440
4.439,8.098,10.673,0.0978,0.800
7.025,4.050,11.097,0.0477,1.000
3.422,10.106,16.379,0.0199,0.480
2.023,2.300,19.613,0.0683,0.200
7.974,5.984,12.101,0.0347,1.000
3.416,11.419,14.593,0.0067,0.460
3.638,3.067,15.937,0.0946,0.700
7.603,6.116,15.682,0.0236,0.960
4.195,9.843,5.173,0.0849,0.820
4.238,13.631,10.336,0.0946,0.720
4.185,4.991,6.626,0.0926,0.860
6.423,3.984,9.542,0.0523,0.980
3.717,13.237,10.354,0.0694,0.640
1.244,13.583,8.669,0.0767,0.000
5.029,2.690,16.717,0.0684,0.860
1.574,6.500,19.552,0.0497,0.000
2.996,10.770,9.990,0.0786,0.540
3.306,5.099,14.357,0.0083,0.580
6.573,9.236,11.621,0.0942,0.940
7.465,2.937,17.773,0.0490,0.980
3.813,8.626,14.562,0.0274,0.640
2.090,9.596,16.716,0.0420,0.040
5.870,4.472,11.664,0.0155,0.920
7.114,13.344,8.654,0.0081,0.920
5.477,11.644,5.743,0.0556,0.900
7.237,9.005,8.599,0.0627,0.980
6.958,12.462,12.896,0.0511,0.900
1.381,10.595,19.325,0.0198,0.000
6.079,11.986,13.664,0.0918,0.860
1.722,8.307,11.068,0.0519,0.020
3.777,3.154,18.514,0.0688,0.680
6.245,8.002,11.040,0.0209,0.920
2.078,6.631,10.613,0.0588,0.300
6.044,11.657,6.436,0.0125,0.900
2.467,6.038,10.939,0.0312,0.440
6.723,7.210,5.328,0.0798,1.000
5.149,4.229,5.091,0.0192,0.940
4.240,10.478,15.594,0.0106,0.620
4.206,10.838,7.843,0.0320,0.760
3.309,6.504,13.420,0.0663,0.620
6.870,3.064,17.068,0.0381,0.940
2.455,12.338,7.302,0.0560,0.400
7.727,11.522,15.287,0.0710,0.940
2.370,6.826,10.205,0.0640,0.420
4.050,3.664,13.481,0.0606,0.780
7.005,5.697,16.840,0.0692,0.940
3.762,7.567,14.708,0.0088,0.620
2.647,9.161,19.537,0.0853,0.280
1.864,5.002,9.710,0.0600,0.260
3.917,8.033,9.112,0.0196,0.740
3.215,11.289,15.063,0.0938,0.500
7.836,2.995,11.124,0.0776,1.000
3.629,11.587,14.599,0.0140,0.520
5.074,9.803,7.953,0.0468,0.860
4.419,12.177,9.723,0.0656,0.760
6.718,12.384,10.444,0.0936,0.920
6.275,6.348,7.006,0.0216,0.960
7.520,7.529,18.572,0.0844,0.940
4.261,7.875,15.100,0.0163,0.680
5.016,2.008,14.051,0.0709,0.880
1.687,13.269,8.978,0.0715,0.000
2.661,8.366,8.121,0.0264,0.500
4.940,13.014,17.838,0.0410,0.680
4.646,6.712,6.687,0.0821,0.880
4.322,7.423,12.692,0.0211,0.740
6.357,10.750,7.968,0.0362,0.920
2.357,4.705,17.906,0.0555,0.300
3.723,2.130,7.734,0.0317,0.820
5.938,12.196,9.751,0.0348,0.880
7.521,2.578,7.222,0.0807,1.000
6.048,13.949,14.572,0.0303,0.800
7.129,2.191,7.966,0.0823,1.000
5.608,7.672,11.266,0.0316,0.880
1.597,5.964,11.553,0.0580,0.000
1.229,3.333,12.976,0.0998,0.000
4.301,6.903,19.598,0.0412,0.680
4.467,6.318,19.776,0.0857,0.720
2.674,5.347,16.445,0.0196,0.400
3.697,8.300,7.567,0.0606,0.740
7.978,2.090,14.205,0.0202,1.000
3.607,8.194,5.889,0.0663,0.760
3.409,5.379,19.215,0.0812,0.580
2.912,10.462,18.565,0.0698,0.340
5.415,13.023,19.459,0.0225,0.700
1.376,10.237,16.857,0.0305,0.000
5.233,13.118,10.036,0.0276,0.800
6.868,10.886,16.525,0.0781,0.880
4.473,3.170,13.312,0.0508,0.820
2.293,6.205,18.690,0.0850,0.240
6.851,8.717,6.703,0.0267,0.980
4.409,13.207,7.577,0.0342,0.760
7.743,13.276,11.752,0.0487,0.940
5.866,3.886,19.602,0.0374,0.860
7.003,6.759,16.339,0.0404,0.920
3.834,5.787,14.093,0.0743,0.700
1.941,13.035,5.322,0.0549,0.200
2.678,9.513,9.994,0.0289,0.440
1.485,5.226,11.478,0.0113,0.000
5.887,7.585,11.296,0.0526,0.900
5.670,13.911,15.455,0.0853,0.780
1.566,4.917,16.661,0.0182,0.000
1.924,12.941,16.795,0.0876,0.000
5.861,6.350,16.557,0.0870,0.880
1.310,2.646,15.392,0.0711,0.000
1.682,2.307,13.587,0.0682,0.140
1.696,9.457,14.643,0.0685,0.000
5.212,13.318,9.359,0.0829,0.820
7.688,5.535,17.789,0.0441,0.960
5.628,12.274,11.391,0.0523,0.840
6.437,7.997,6.090,0.0263,0.960
4.413,12.113,7.627,0.0528,0.780
3.684,9.410,14.617,0.0108,0.560
5.414,10.773,11.787,0.0858,0.840
3.319,13.383,19.576,0.0821,0.380
7.425,2.889,13.565,0.0176,1.000
1.489,3.926,5.208,0.0790,0.180
1.576,11.382,12.642,0.0327,0.000
4.644,11.678,18.231,0.0927,0.680
5.539,6.067,17.270,0.0730,0.840
6.568,6.205,19.179,0.0216,0.880
1.354,9.787,8.271,0.0408,0.000
4.526,3.039,19.151,0.0542,0.780
3.670,13.712,15.203,0.0690,0.540
4.970,10.665,15.209,0.0175,0.740
6.314,5.618,13.182,0.0887,0.940
5.746,3.573,11.547,0.0408,0.940
7.251,3.150,12.735,0.0122,0.980
5.815,2.305,8.753,0.0181,0.960
5.432,8.439,5.956,0.0419,0.920
6.353,9.914,10.792,0.0281,0.900
4.462,11.483,12.327,0.0916,0.740
5.825,10.979,15.303,0.0407,0.820
7.365,5.065,6.886,0.0682,1.000
3.375,13.734,11.944,0.0979,0.540
2.133,4.828,9.843,0.0824,0.400
6.261,11.532,18.340,0.0960,0.840
3.789,8.679,15.897,0.0953,0.640
4.612,5.818,10.220,0.0823,0.840
6.267,11.185,19.499,0.0532,0.820
6.239,11.163,18.150,0.0584,0.820
6.521,12.648,7.874,0.0472,0.920
1.652,7.424,14.423,0.0998,0.000
1.784,11.905,6.562,0.0853,0.120
5.893,5.625,18.322,0.0927,0.880
7.043,5.988,6.224,0.0625,1.000
7.003,11.370,16.581,0.0139,0.860
7.652,8.727,6.772,0.0472,1.000
1.926,13.152,6.882,0.0418,0.140
1.692,2.607,10.227,0.0773,0.220
7.841,6.470,19.816,0.0362,0.940
7.998,3.449,10.713,0.0306,1.000
2.005,8.529,18.340,0.0433,0.000
4.507,5.189,8.244,0.0801,0.860
1.482,13.222,18.465,0.0643,0.000
3.020,5.113,18.743,0.0135,0.440
3.547,4.365,17.134,0.0430,0.640
3.095,12.458,7.573,0.0745,0.580
2.412,10.277,11.704,0.0809,0.340
7.664,12.822,8.624,0.0568,0.960
2.922,12.524,18.316,0.0803,0.320
4.339,8.341,16.204,0.0960,0.720
3.631,13.666,12.426,0.0339,0.560
3.565,3.742,9.796,0.0404,0.740
4.321,9.294,10.192,0.0746,0.780
6.490,12.675,18.007,0.0487,0.820
2.610,9.376,16.112,0.0768,0.320
6.286,7.415,13.101,0.0300,0.900
3.015,2.144,14.541,0.0677,0.620
2.274,6.202,7.955,0.0685,0.460
4.132,12.820,16.659,0.0304,0.580
2.160,9.961,10.114,0.0256,0.220
7.653,7.422,13.567,0.0640,0.980
5.620,10.585,12.136,0.0400,0.840
6.446,8.389,5.771,0.0118,0.960
2.841,2.528,16.928,0.0930,0.540
4.672,2.625,8.506,0.0968,0.900
2.370,7.395,11.858,0.0198,0.340
2.625,13.279,13.012,0.0414,0.280
2.952,13.512,6.494,0.0495,0.540
5.563,9.526,13.466,0.0096,0.820
1.882,6.063,14.432,0.0254,0.080
2.015,10.237,18.878,0.0473,0.000
7.127,10.866,12.760,0.0059,0.900
3.631,4.571,9.397,0.0909,0.760
4.849,13.511,15.807,0.0955,0.720
1.575,6.531,8.357,0.0180,0.020
6.297,10.569,11.950,0.0109,0.860
2.123,8.766,11.734,0.0794,0.240
1.452,4.647,7.512,0.0676,0.060
1.684,2.323,5.617,0.0271,0.320
6.328,6.062,10.805,0.0722,0.940
1.557,11.092,10.057,0.0523,0.000
5.270,7.125,14.487,0.0731,0.840
7.974,7.233,9.124,0.0726,1.000
6.089,7.125,8.728,0.0336,0.940
4.548,13.109,10.213,0.0560,0.740
5.255,3.737,19.808,0.0687,0.820
7.029,4.015,5.913,0.0209,1.000
2.314,8.125,10.594,0.0339,0.340
3.672,7.814,15.898,0.0799,0.620
1.657,11.024,17.988,0.0387,0.000
6.767,10.851,15.719,0.0677,0.880
5.269,9.725,9.525,0.0765,0.860
6.820,4.923,16.096,0.0665,0.940
7.814,7.084,12.478,0.0863,1.000
4.055,12.477,12.066,0.0929,0.680
5.291,11.543,15.952,0.0424,0.760
2.966,2.564,5.067,0.0592,0.740
2.426,2.525,12.399,0.0658,0.500
3.235,2.553,7.995,0.0790,0.740
7.381,12.914,8.606,0.0728,0.960
4.746,13.097,12.632,0.0701,0.740
6.656,5.879,15.247,0.0651,0.940
7.283,10.347,16.441,0.0890,0.920
3.285,11.928,15.212,0.0914,0.500
5.613,5.481,13.192,0.0736,0.900
2.656,4.336,14.264,0.0733,0.500
2.880,9.215,8.433,0.0977,0.560
3.730,9.041,11.523,0.0490,0.680
2.601,9.842,5.985,0.0724,0.520
1.900,2.005,6.531,0.0269,0.420
4.352,9.952,9.669,0.0836,0.780
5.486,4.106,13.805,0.0241,0.880
3.013,6.531,18.812,0.0491,0.460
4.004,6.146,9.025,0.0974,0.800
6.117,9.433,13.544,0.0549,0.880
1.933,10.191,5.186,0.0701,0.280
2.986,12.318,17.023,0.0435,0.340
3.274,4.954,12.218,0.0594,0.660
1.359,4.134,5.296,0.0050,0.000
6.928,9.087,19.196,0.0200,0.860
2.405,9.903,13.035,0.0822,0.300
1.701,10.162,14.391,0.0460,0.000
2.240,9.885,9.715,0.0669,0.320
4.682,6.614,12.283,0.0399,0.800
3.182,2.100,17.266,0.0930,0.620
3.780,13.597,18.435,0.0698,0.500
3.647,2.843,19.606,0.0167,0.620
1.703,9.361,15.277,0.0725,0.000
5.068,8.563,7.669,0.0746,0.880
4.711,10.358,19.334,0.0896,0.700
5.947,7.817,13.778,0.0401,0.880
2.336,6.411,12.376,0.0529,0.360
5.692,9.457,13.560,0.0806,0.860
2.728,11.832,17.746,0.0571,0.260
3.668,7.357,16.706,0.0722,0.620
1.825,9.112,14.237,0.0517,0.000
7.242,3.896,5.153,0.0346,1.000
4.666,4.726,9.888,0.0674,0.860
6.273,4.537,11.937,0.0682,0.960
4.274,8.897,9.203,0.0502,0.780
5.976,4.266,6.013,0.0966,0.980
3.547,3.582,12.193,0.0373,0.720
6.125,13.397,7.985,0.0175,0.880
7.688,11.719,8.534,0.0059,0.960
2.994,7.612,9.841,0.0451,0.580
1.992,4.210,16.099,0.0547,0.180
4.010,9.124,16.002,0.0951,0.660
1.721,10.128,17.716,0.0743,0.000
4.116,13.635,5.243,0.0286,0.740
7.964,11.429,14.907,0.0122,0.920
1.313,10.133,5.911,0.0239,0.000
3.261,11.977,11.571,0.0311,0.520
2.676,4.471,11.617,0.0518,0.540
5.597,13.332,19.874,0.0084,0.680
2.779,3.636,12.444,0.0591,0.560
4.104,11.082,19.339,0.0471,0.580
3.167,4.648,9.421,0.0633,0.680
6.082,13.955,18.620,0.0678,0.780
5.573,4.216,14.049,0.0750,0.900
3.463,5.939,12.014,0.0271,0.660
2.820,8.322,8.810,0.0977,0.560
1.849,11.497,7.677,0.0649,0.120
6.436,10.210,6.934,0.0403,0.940
7.349,4.196,17.735,0.0370,0.960
4.221,11.393,9.644,0.0316,0.720
7.782,11.482,8.000,0.0149,0.980
1.923,7.022,5.245,0.0068,0.300
7.011,13.498,17.992,0.0373,0.840
3.503,7.090,5.094,0.0134,0.740
4.346,13.918,9.376,0.0108,0.680
5.066,8.179,6.887,0.0125,0.860
5.505,8.441,6.647,0.0336,0.920
7.976,6.526,7.829,0.0287,1.000
6.176,7.505,10.316,0.0523,0.920
2.311,5.066,12.598,0.0138,0.340
6.299,2.203,17.419,0.0206,0.920
2.545,4.950,12.136,0.0692,0.480
5.846,2.887,8.430,0.0539,0.960
5.840,3.183,11.153,0.0305,0.940
2.899,7.096,18.111,0.0741,0.440
6.198,13.211,7.178,0.0137,0.900
6.260,7.684,11.088,0.0940,0.940
3.667,10.125,9.700,0.0353,0.660
7.267,11.288,9.972,0.0919,0.960
7.729,7.675,5.504,0.0920,1.000
6.252,3.380,6.827,0.0361,1.000
3.801,7.928,19.785,0.0266,0.560
5.147,4.770,5.996,0.0597,0.940
6.062,10.037,6.746,0.0362,0.920
7.042,10.577,5.448,0.0907,0.980
7.940,7.741,12.081,0.0661,1.000
3.575,3.059,15.452,0.0387,0.680
3.185,13.679,16.714,0.0128,0.320
1.731,8.783,16.903,0.0327,0.000
3.155,6.183,12.374,0.0583,0.600
4.269,6.538,13.323,0.0282,0.740
2.985,12.324,15.392,0.0139,0.320
5.965,13.867,16.952,0.0684,0.800
2.973,3.202,11.485,0.0610,0.640
4.785,12.413,17.270,0.0792,0.700
2.517,4.090,15.913,0.0889,0.440
4.857,12.578,14.371,0.0997,0.740
6.635,5.390,11.455,0.0752,0.960
3.828,4.837,9.277,0.0782,0.780
7.115,11.744,11.446,0.0963,0.940
2.295,8.259,12.243,0.0185,0.260
7.184,10.400,8.875,0.0970,0.980
2.462,6.692,11.761,0.0116,0.380
5.114,4.219,6.486,0.0894,0.940
2.117,10.475,10.454,0.0587,0.220
1.850,10.214,14.792,0.0417,0.000
2.840,12.806,14.655,0.0824,0.360
1.609,5.438,17.403,0.0607,0.000
7.259,6.650,15.123,0.0785,0.960
7.037,8.219,6.805,0.0385,0.980
3.215,10.433,9.370,0.0702,0.600
2.158,3.446,9.494,0.0273,0.420
5.679,8.433,11.349,0.0250,0.880
1.511,7.736,18.500,0.0572,0.000
4.627,12.852,13.196,0.0454,0.720
3.673,10.766,7.151,0.0131,0.680
4.511,12.762,9.502,0.0799,0.760
2.722,7.599,15.594,0.0315,0.380
3.100,10.580,6.567,0.0534,0.620
7.547,4.120,17.214,0.0734,0.980
1.586,12.660,12.488,0.0290,0.000
6.118,4.324,6.773,0.0133,0.980
1.602,2.515,7.973,0.0131,0.200
6.551,9.087,5.007,0.0844,0.980
2.979,4.442,19.859,0.0871,0.500
7.700,3.253,10.342,0.0714,1.000
6.000,3.207,18.625,0.0604,0.900
6.975,5.212,5.508,0.0225,1.000
7.281,10.893,12.040,0.0072,0.920
2.012,7.765,18.115,0.0544,0.040
7.622,11.821,5.336,0.0344,1.000
4.670,2.305,16.337,0.0857,0.840
1.602,4.837,8.374,0.0133,0.100
7.291,11.066,5.602,0.0722,1.000
5.183,12.284,9.245,0.0185,0.800
1.542,6.369,7.860,0.0837,0.080
1.539,11.802,9.687,0.0726,0.000
7.452,9.950,6.902,0.0998,1.000
3.127,8.713,10.244,0.0863,0.600
6.605,2.398,14.338,0.0926,0.980
2.409,10.263,7.706,0.0554,0.420
5.005,10.889,6.763,0.0930,0.860
1.216,9.977,17.929,0.0912,0.000
1.410,5.111,7.325,0.0761,0.020
7.151,5.010,19.288,0.0594,0.940
4.637,10.877,19.953,0.0416,0.640
1.817,6.252,12.494,0.0668,0.120
5.587,3.549,5.103,0.0245,0.980
5.332,4.281,7.944,0.0615,0.940
1.714,2.035,15.647,0.0069,0.040
3.987,10.904,17.882,0.0554,0.580
4.079,4.624,7.171,0.0200,0.820
3.671,7.778,10.779,0.0897,0.700
3.393,9.809,18.024,0.0172,0.440
4.824,10.338,17.064,0.0548,0.720
2.879,10.029,8.754,0.0263,0.520
6.591,3.517,6.280,0.0139,1.000
4.291,5.968,10.953,0.0960,0.800
5.735,6.315,18.594,0.0051,0.800
4.773,11.123,7.981,0.0358,0.820
1.561,6.338,14.922,0.0196,0.000
6.637,3.412,15.117,0.0199,0.940
2.298,2.942,12.035,0.0968,0.460
2.972,3.557,9.795,0.0441,0.660
1.725,4.839,17.860,0.0569,0.000
2.603,12.020,5.322,0.0202,0.460
4.607,8.484,10.985,0.0226,0.780
3.719,13.430,17.717,0.0294,0.480
3.290,12.173,14.394,0.0655,0.500
1.434,10.223,10.295,0.0110,0.000
6.730,10.556,11.045,0.0793,0.940
5.190,6.649,15.956,0.0359,0.820
3.002,2.520,11.083,0.0255,0.640
1.650,2.161,6.111,0.0281,0.300
1.281,11.909,18.876,0.0338,0.000
7.851,11.012,11.541,0.0592,0.960
4.567,6.390,12.355,0.0540,0.800
7.237,11.161,16.875,0.0738,0.900
3.120,5.451,16.139,0.0723,0.560
1.998,7.383,19.404,0.0489,0.000
2.500,9.181,6.383,0.0360,0.480
7.119,10.817,16.384,0.0889,0.900
5.804,10.004,5.590,0.0489,0.920
4.744,6.220,6.350,0.0353,0.880
5.918,3.294,5.393,0.0221,0.980
6.916,12.721,18.996,0.0718,0.860
5.490,2.171,8.111,0.0294,0.960
5.438,7.433,11.598,0.0410,0.860
1.365,13.958,5.986,0.0994,0.000
2.157,13.830,15.070,0.0441,0.000
3.079,10.403,19.723,0.0331,0.340
6.344,8.963,14.620,0.0569,0.880
2.671,13.982,15.637,0.0567,0.240
3.357,7.223,14.659,0.0861,0.600
2.546,11.087,8.873,0.0846,0.420
6.451,2.405,18.911,0.0307,0.920
7.774,3.508,18.075,0.0447,0.980
2.862,10.789,9.916,0.0315,0.480
3.920,9.646,6.622,0.0547,0.760
3.257,11.641,7.466,0.0920,0.620
7.643,4.658,8.757,0.0994,1.000
2.574,12.475,11.629,0.0690,0.340
2.015,12.581,6.736,0.0783,0.220
3.137,12.160,14.901,0.0191,0.400
7.738,8.816,10.403,0.0848,1.000
6.165,12.031,19.279,0.0598,0.800
1.338,6.854,6.343,0.0458,0.000
4.524,13.624,15.391,0.0610,0.660
7.832,8.038,17.993,0.0373,0.940
5.481,8.007,6.024,0.0868,0.920
4.676,9.350,11.787,0.0351,0.780
6.040,8.381,7.740,0.0609,0.940
4.411,8.946,11.295,0.0098,0.740
2.024,3.011,12.501,0.0892,0.340
4.158,3.056,14.158,0.0718,0.800
7.926,11.514,8.526,0.0856,1.000
1.485,2.365,19.888,0.0783,0.000
1.807,10.767,15.664,0.0468,0.000
1.824,12.452,17.869,0.0663,0.000
2.536,12.146,12.515,0.0501,0.300
3.183,13.053,10.722,0.0936,0.540
5.032,9.537,13.222,0.0625,0.800
2.760,4.586,6.226,0.0635,0.660
5.933,5.280,19.150,0.0397,0.860
5.321,7.534,14.925,0.0284,0.820
1.516,12.622,12.089,0.0554,0.000
7.077,5.116,6.588,0.0931,1.000
5.532,12.789,9.597,0.0541,0.840
2.382,6.017,14.903,0.0520,0.340
4.436,10.532,11.019,0.0651,0.760
3.847,2.874,11.220,0.0137,0.760
3.200,10.855,16.623,0.0786,0.460
1.964,7.767,12.923,0.0200,0.100
5.635,2.009,19.490,0.0199,0.860
7.560,11.082,11.384,0.0532,0.960
4.056,10.201,6.700,0.0062,0.740
5.052,11.755,6.002,0.0988,0.860
6.165,13.024,19.412,0.0136,0.760
7.817,7.570,12.469,0.0682,0.980
2.729,7.698,9.428,0.0148,0.500
4.267,9.663,5.838,0.0644,0.820
2.433,8.699,16.239,0.0252,0.220
3.207,4.699,13.290,0.0768,0.640
5.295,12.309,5.705,0.0124,0.860
7.102,11.029,12.433,0.0297,0.920
4.385,13.019,17.868,0.0836,0.620
5.834,13.119,5.815,0.0272,0.900
7.737,8.851,6.884,0.0974,1.000
3.420,10.972,15.398,0.0507,0.520
5.501,8.026,5.636,0.0323,0.920
7.333,6.416,18.419,0.0627,0.940
4.123,7.037,5.546,0.0708,0.840
6.695,3.481,18.593,0.0897,0.940
5.892,3.914,12.842,0.0828,0.940
3.023,7.325,12.335,0.0563,0.560
6.959,13.120,8.982,0.0889,0.940
5.522,2.829,16.020,0.0847,0.900
2.664,10.281,14.378,0.0581,0.360
1.628,11.400,15.863,0.0160,0.000
7.500,9.400,18.197,0.0339,0.900
4.616,3.631,9.824,0.0783,0.880
6.820,6.640,17.158,0.0712,0.920
6.011,2.175,14.981,0.0508,0.940
6.003,7.265,8.428,0.0302,0.940
6.690,2.144,10.849,0.0687,1.000
3.612,13.815,10.561,0.0532,0.600
1.425,13.693,14.737,0.0452,0.000
6.440,4.304,11.638,0.0453,0.960
7.025,9.770,15.178,0.0529,0.920
7.271,6.601,10.839,0.0548,0.980
5.937,5.385,17.591,0.0732,0.880
3.592,5.592,18.881,0.0626,0.600
6.784,9.243,17.984,0.0639,0.880
4.568,9.212,9.623,0.0393,0.800
2.254,11.819,5.084,0.0733,0.400
4.395,5.214,8.044,0.0847,0.860
6.038,12.663,19.252,0.0283,0.760
3.026,3.740,13.530,0.0066,0.560
1.214,10.294,7.026,0.0980,0.000
1.804,7.305,7.438,0.0405,0.200
4.983,7.248,13.252,0.0193,0.800
2.659,9.135,18.452,0.0806,0.300
6.998,6.304,12.441,0.0554,0.960
2.966,10.107,17.499,0.0208,0.340
2.525,9.166,16.872,0.0383,0.260
2.287,13.017,13.764,0.0080,0.040
4.285,3.789,6.404,0.0088,0.860
2.684,7.843,14.312,0.0349,0.400
6.213,4.999,14.668,0.0736,0.920
7.096,6.182,10.347,0.0204,0.980
1.487,12.532,11.506,0.0483,0.000
7.856,13.130,11.524,0.0606,0.960
7.178,5.422,10.513,0.0320,0.980
1.934,12.416,18.220,0.0695,0.000
1.684,6.949,15.237,0.0377,0.000
5.090,2.653,16.450,0.0820,0.860
3.425,7.527,7.932,0.0447,0.700
4.422,2.949,7.382,0.0708,0.880
3.498,9.775,18.577,0.0922,0.520
1.329,7.320,13.805,0.0662,0.000
1.556,7.598,17.497,0.0300,0.000
3.100,12.084,10.005,0.0362,0.520
5.918,8.531,11.021,0.0252,0.880
3.739,6.698,18.516,0.0353,0.600
4.286,5.213,6.614,0.0734,0.860
1.820,8.415,5.384,0.0370,0.240
3.382,12.597,11.936,0.0748,0.560
5.584,2.179,14.207,0.0667,0.920
1.957,11.466,16.579,0.0567,0.000
7.552,10.909,16.647,0.0511,0.920
7.295,9.580,19.849,0.0217,0.880
5.770,11.452,8.586,0.0581,0.880
5.879,8.121,15.535,0.0500,0.860
4.403,11.945,17.019,0.0075,0.580
5.645,3.824,11.595,0.0649,0.920
7.143,8.991,5.124,0.0426,1.000
7.224,9.622,19.180,0.0791,0.900
3.114,5.435,14.428,0.0390,0.560
2.973,3.570,17.756,0.0584,0.540
3.516,13.871,7.123,0.0347,0.620
1.584,11.677,14.312,0.0742,0.000
5.319,11.400,18.874,0.0800,0.740
6.743,5.836,8.067,0.0554,0.980
3.194,4.647,12.150,0.0321,0.640
4.339,2.471,12.429,0.0694,0.840
4.404,5.034,16.622,0.0381,0.760
6.587,4.194,14.987,0.0126,0.920
1.761,9.294,13.988,0.0361,0.000
1.582,5.400,18.422,0.0465,0.000
6.722,11.840,16.983,0.0641,0.860
2.996,12.976,8.618,0.0552,0.520
7.273,13.877,18.355,0.0067,0.820
7.040,2.128,8.973,0.0288,1.000
6.979,8.196,7.351,0.0383,0.980
5.002,2.413,15.067,0.0540,0.860
2.965,9.116,9.436,0.0319,0.540
7.526,11.354,18.369,0.0095,0.860
4.197,8.824,17.438,0.0606,0.660
7.085,8.016,18.754,0.0232,0.880
7.059,6.371,8.904,0.0920,1.000
6.769,12.278,18.312,0.0353,0.840
2.639,12.459,14.739,0.0702,0.300
3.209,12.885,14.124,0.0892,0.480
3.796,10.838,16.327,0.0939,0.600
3.968,2.001,8.228,0.0698,0.840
5.907,4.672,13.776,0.0359,0.900
4.619,7.366,17.302,0.0183,0.720
3.896,4.233,12.474,0.0129,0.740
5.575,10.792,14.751,0.0329,0.800
