r0,incubation,infectious,cfr,peak_day,peak_infections,total_deaths
4.593,8.719,17.362,0.0509,365,78798,2557
4.116,8.028,9.893,0.0929,365,964365,78656
4.120,8.593,9.198,0.0515,365,989043,47822
1.741,7.684,16.133,0.0104,365,114,3
2.541,10.102,14.128,0.0909,365,976,127
1.895,5.396,7.864,0.0943,365,2458,516
3.013,11.800,18.259,0.0164,365,992,18
4.325,6.203,18.027,0.0619,365,150847,5439
1.310,3.119,6.265,0.0507,365,182,46
5.460,9.823,10.975,0.0261,365,3707034,68674
4.943,6.808,7.765,0.0806,365,220934791,14159666
1.441,8.373,19.933,0.0183,365,31,2
4.725,3.680,7.842,0.0738,355,2463751925,320050874
4.027,12.972,16.225,0.0342,365,7267,221
3.477,6.089,8.019,0.0141,365,2363599,33812
3.170,9.312,19.978,0.0284,365,1964,51
4.415,11.105,6.189,0.0960,365,3564352,425250
3.047,13.279,7.927,0.0177,365,7298,229
2.023,3.321,8.404,0.0150,365,18336,442
4.837,2.220,15.868,0.0484,365,191427553,3686288
2.547,6.804,9.617,0.0833,365,12530,1486
4.845,6.914,15.199,0.0309,365,896732,16112
3.161,10.440,11.957,0.0159,365,7676,147
2.530,8.503,15.716,0.0222,365,1115,32
3.917,9.270,14.438,0.0230,365,36681,700
2.106,3.221,16.238,0.0338,365,1643,68
2.016,11.381,15.181,0.0456,365,151,14
3.334,8.917,10.468,0.0255,365,41600,1187
1.237,3.181,8.439,0.0833,365,58,26
5.592,2.429,17.766,0.0594,365,340770110,7026270
4.995,4.713,15.315,0.0537,365,9410385,245657
4.031,10.064,7.741,0.0434,365,708968,34936
1.854,3.462,13.646,0.0363,365,868,52
1.544,3.603,11.840,0.0816,365,234,48
4.634,12.621,6.429,0.0055,365,1921550,13123
1.746,4.950,8.489,0.0452,365,1031,113
2.505,2.940,8.325,0.0315,365,671931,23533
3.475,12.775,14.961,0.0227,365,3530,86
3.995,13.974,19.042,0.0685,365,3063,181
5.117,9.602,7.238,0.0346,365,33401017,1064877
3.386,3.142,12.209,0.0854,365,2302918,134591
4.840,10.726,15.906,0.0672,365,76769,3562
2.163,12.180,7.318,0.0934,365,676,176
5.801,4.395,11.788,0.0058,365,1327903530,4173277
2.907,2.237,9.061,0.0733,365,13129742,783885
1.985,2.831,6.876,0.0870,365,67843,9929
1.697,6.006,12.020,0.0897,365,235,50
5.894,3.688,5.474,0.0637,244,2447111768,508005802
2.746,7.595,11.043,0.0729,365,10075,937
5.093,12.551,9.114,0.0748,365,944421,66390
3.107,12.955,17.675,0.0316,365,1007,36
4.880,6.402,19.069,0.0414,365,308628,6547
4.227,2.994,6.534,0.0815,325,2305421372,546754232
4.136,2.798,12.158,0.0280,365,91336728,1372766
3.988,3.211,11.163,0.0414,365,57292049,1417534
2.147,2.347,15.422,0.0879,365,3956,390
1.879,7.219,5.966,0.0562,365,1802,301
4.475,5.849,16.219,0.0209,365,548825,6570
4.723,6.268,7.098,0.0088,365,451110758,3458955
1.327,2.347,16.523,0.0429,365,52,7
4.668,11.448,12.971,0.0616,365,110037,5496
3.222,2.580,7.475,0.0173,365,291551492,4229373
5.146,3.908,8.920,0.0565,364,2650639852,191765250
5.597,5.438,14.883,0.0703,365,23491690,772922
2.933,4.231,19.024,0.0827,365,9487,611
4.654,9.583,5.477,0.0348,365,57729239,2370902
2.026,8.697,10.060,0.0757,365,615,102
3.710,13.613,15.086,0.0986,365,4334,438
3.325,3.201,19.588,0.0681,365,53201,2228
5.799,9.974,15.101,0.0151,365,828058,7294
1.987,10.354,12.728,0.0295,365,223,14
2.678,4.844,8.337,0.0658,365,189703,15299
1.294,12.340,7.292,0.0471,365,17,6
4.690,10.581,18.075,0.0053,365,33758,119
1.609,7.520,6.217,0.0912,365,290,107
3.672,13.726,15.068,0.0307,365,3919,125
5.492,3.718,14.833,0.0177,365,190032615,1419552
5.325,6.159,13.099,0.0178,365,16691052,160722
3.430,13.252,18.430,0.0129,365,1540,20
4.051,11.481,5.265,0.0105,365,2028353,32220
2.624,6.784,15.104,0.0919,365,2989,312
4.855,7.073,7.136,0.0150,365,240908701,3120776
4.205,13.493,13.936,0.0791,365,15038,1114
2.629,2.904,7.240,0.0796,365,4735165,410144
3.305,3.466,17.219,0.0260,365,92670,1579
2.571,6.251,11.242,0.0072,365,9950,91
4.422,2.127,13.715,0.0926,365,287840768,12094727
4.373,2.233,19.748,0.0239,365,3821924,37540
5.431,6.139,9.124,0.0514,365,508949438,17563396
4.693,4.975,5.087,0.0754,323,1809669963,517218669
1.390,6.031,11.352,0.0145,365,57,3
2.060,8.645,15.494,0.0400,365,282,20
5.119,9.800,10.980,0.0841,365,1787517,112600
5.929,8.869,19.452,0.0288,365,396826,5561
3.354,11.471,9.218,0.0930,365,21898,2742
1.448,7.449,9.453,0.0465,365,70,13
2.861,3.921,8.235,0.0888,365,1486912,137313
5.043,4.998,16.880,0.0159,365,3448154,26046
4.003,5.485,13.554,0.0154,365,717524,7386
2.950,12.681,16.131,0.0460,365,984,56
3.779,13.199,16.846,0.0405,365,3839,146
2.499,2.689,5.035,0.0529,365,64727921,4508799
4.688,2.177,11.609,0.0831,365,2715717319,160256137
1.510,10.852,13.872,0.0618,365,38,8
1.620,7.679,5.004,0.0937,365,401,172
3.124,12.072,5.055,0.0871,365,64710,11977
2.456,9.675,9.296,0.0747,365,2650,356
1.950,11.782,5.694,0.0440,365,463,77
4.976,3.673,14.545,0.0311,365,57529706,817824
4.972,6.128,6.539,0.0081,365,1536307145,14708662
2.261,13.876,12.455,0.0732,365,257,39
5.395,5.118,16.041,0.0596,365,10810395,295799
1.978,12.041,15.885,0.0785,365,115,19
3.100,6.232,14.599,0.0374,365,18988,642
4.163,2.212,10.874,0.0985,365,1117836668,64542018
2.864,2.789,8.613,0.0163,365,5796798,85198
3.808,2.194,16.372,0.0890,365,3501391,155631
5.901,11.038,17.068,0.0109,365,269918,1672
3.035,5.563,8.663,0.0787,365,394668,34026
1.450,5.386,9.075,0.0829,365,125,38
2.277,2.225,6.371,0.0533,365,3463335,234793
3.655,6.979,16.497,0.0850,365,31930,2033
1.864,11.785,8.501,0.0861,365,192,53
2.148,5.703,11.352,0.0095,365,2273,34
4.482,7.304,19.640,0.0741,365,67202,2883
3.741,2.098,11.870,0.0580,365,89976674,2887447
1.479,6.609,12.721,0.0854,365,69,19
3.192,8.098,18.188,0.0258,365,4226,97
4.279,12.878,15.612,0.0488,365,13560,563
1.551,6.631,13.636,0.0086,365,86,2
5.805,9.479,5.021,0.0503,365,1344150547,127451206
4.030,6.881,18.455,0.0765,365,45484,2240
4.217,5.478,10.160,0.0847,365,12100277,732635
5.029,7.589,15.015,0.0897,365,890298,46896
2.948,7.452,14.326,0.0940,365,7281,710
4.823,6.826,19.833,0.0491,365,163481,4199
3.801,11.432,10.881,0.0856,365,36978,3418
2.030,9.471,8.378,0.0410,365,716,73
4.915,12.153,18.418,0.0599,365,25108,1013
5.040,11.317,12.047,0.0782,365,360063,21921
4.266,3.156,12.397,0.0726,365,64135110,2491425
2.354,4.778,7.441,0.0662,365,67197,6779
1.868,10.148,7.432,0.0677,365,358,77
2.164,9.675,9.545,0.0974,365,862,179
1.315,13.726,19.731,0.0193,365,14,1
3.691,4.129,16.377,0.0399,365,252037,6210
1.912,8.110,18.370,0.0869,365,146,22
3.723,4.329,19.463,0.0765,365,76123,3422
3.462,3.721,18.722,0.0568,365,72467,2542
1.356,10.199,9.316,0.0143,365,28,2
3.796,3.500,19.454,0.0893,365,180365,8713
2.638,9.516,13.087,0.0161,365,1883,42
1.648,10.214,16.261,0.0894,365,56,13
1.285,13.559,16.755,0.0781,365,14,4
1.202,8.422,14.684,0.0470,365,15,3
3.299,10.980,10.101,0.0352,365,16504,742
1.971,6.744,17.738,0.0308,365,247,12
4.256,6.396,7.941,0.0827,365,32797812,2308276
4.289,7.371,18.839,0.0582,365,54902,1967
1.471,11.905,11.437,0.0450,365,33,6
2.286,12.313,10.041,0.0305,365,562,37
4.060,9.435,13.851,0.0782,365,57049,3661
5.906,7.398,7.624,0.0274,365,1296535327,32499071
4.013,13.537,19.408,0.0771,365,3292,213
3.554,2.021,14.072,0.0346,365,7212013,137252
4.642,3.990,5.818,0.0612,316,2110748224,437495418
2.438,11.706,18.605,0.0467,365,286,19
1.674,6.643,15.566,0.0917,365,116,24
4.084,5.466,17.256,0.0458,365,184226,5047
1.847,3.539,14.652,0.0660,365,649,69
3.952,11.597,11.959,0.0511,365,33050,1683
4.036,13.163,18.850,0.0346,365,4145,120
5.778,5.059,15.303,0.0870,365,43705386,1668309
1.238,12.630,19.183,0.0366,365,12,2
4.931,2.415,13.625,0.0702,365,965417994,30894613
1.787,5.680,6.434,0.0475,365,1933,256
4.119,9.819,17.722,0.0463,365,17573,601
1.487,7.919,17.054,0.0926,365,43,11
1.764,9.209,15.705,0.0403,365,98,9
3.086,11.425,12.581,0.0934,365,3802,447
2.635,2.793,17.427,0.0096,365,12926,103
1.552,4.550,6.604,0.0502,365,647,110
2.090,13.708,17.392,0.0280,365,106,6
4.855,2.114,9.106,0.0596,311,3040597053,410702443
2.172,5.365,13.953,0.0709,365,1457,145
5.315,12.154,16.301,0.0331,365,83676,1839
3.865,10.373,12.663,0.0542,365,35792,1821
3.097,13.678,8.778,0.0405,365,5486,370
2.963,13.409,18.732,0.0758,365,604,54
4.676,10.085,13.665,0.0353,365,165992,4359
4.268,10.353,17.525,0.0508,365,19918,742
3.202,4.962,13.498,0.0634,365,89835,4693
5.583,13.558,15.972,0.0483,365,81312,2657
3.926,13.488,19.081,0.0319,365,3061,84
5.715,9.737,8.941,0.0988,365,29237800,2178711
5.035,7.258,14.560,0.0828,365,1417282,68474
1.734,10.486,14.264,0.0571,365,82,12
2.612,10.693,11.841,0.0287,365,1601,71
3.390,7.052,11.168,0.0106,365,108849,1107
2.053,9.755,14.042,0.0928,365,262,47
5.615,7.940,10.012,0.0167,365,49643111,545607
1.475,9.223,10.954,0.0395,365,50,8
1.236,6.727,6.966,0.0982,365,29,21
3.422,11.050,17.524,0.0173,365,3094,51
2.081,11.119,5.171,0.0424,365,1238,182
4.369,3.022,19.513,0.0631,365,1500595,42251
5.820,13.995,8.335,0.0433,365,3147885,126940
5.337,12.713,9.072,0.0356,365,1488282,48237
3.115,4.970,14.952,0.0655,365,37553,2020
1.366,5.977,11.853,0.0302,365,49,6
5.626,9.105,19.529,0.0229,365,209146,2457
3.977,12.747,10.069,0.0318,365,44153,1595
3.513,5.842,17.456,0.0381,365,30935,845
2.146,9.106,13.264,0.0386,365,460,32
5.839,8.663,12.820,0.0668,365,6521497,255211
2.093,11.928,7.775,0.0716,365,504,101
1.873,7.840,19.156,0.0281,365,127,6
5.124,3.749,12.965,0.0773,365,255269887,9414385
2.522,8.651,16.472,0.0477,365,917,55
2.977,7.206,13.915,0.0054,365,9971,55
5.201,11.516,9.023,0.0920,365,2334956,190146
5.279,6.273,5.610,0.0549,344,1807370516,292907335
4.593,7.607,15.292,0.0709,365,302724,13618
2.570,4.021,5.703,0.0516,365,3069266,222930
5.866,7.691,11.273,0.0066,365,43602820,169850
2.640,4.830,12.925,0.0159,365,16025,269
4.261,8.267,17.820,0.0071,365,44280,210
3.674,13.047,15.401,0.0389,365,4421,173
1.617,12.335,16.639,0.0476,365,39,5
5.066,9.522,7.960,0.0236,365,16147208,334728
3.605,4.719,10.913,0.0832,365,1931129,123166
4.061,12.672,15.530,0.0415,365,9950,368
4.473,4.453,13.206,0.0980,365,10572732,579975
5.099,9.713,14.562,0.0413,365,329950,8925
2.356,10.225,6.174,0.0453,365,4261,474
5.484,5.395,9.523,0.0665,365,1018351172,45144574
4.508,4.501,11.702,0.0132,365,32513866,250940
2.174,3.042,7.022,0.0502,365,195543,14442
4.843,8.721,14.759,0.0281,365,322629,5890
5.037,4.155,10.328,0.0778,365,922608361,43414534
3.923,5.547,12.679,0.0800,365,845610,47659
3.208,11.737,13.230,0.0065,365,3950,31
4.775,10.347,5.404,0.0505,365,44753221,2734037
3.172,3.534,15.742,0.0315,365,99156,2219
4.620,6.556,10.549,0.0692,365,9642691,464574
1.776,2.449,6.966,0.0441,365,16952,1473
2.756,10.002,15.328,0.0960,365,1415,168
1.526,4.881,19.426,0.0962,365,65,14
4.482,7.408,11.234,0.0720,365,1924775,101800
2.648,7.456,16.702,0.0420,365,1782,84
5.638,4.106,5.778,0.0924,272,2340486657,729285608
4.475,5.741,11.793,0.0438,365,6202944,175546
4.427,9.375,11.230,0.0056,365,415257,1934
2.349,4.828,14.005,0.0258,365,3642,113
1.884,4.071,17.633,0.0646,365,369,37
1.350,11.565,9.483,0.0660,365,23,8
1.437,3.136,18.044,0.0747,365,68,13
3.656,11.101,17.994,0.0397,365,4407,153
3.025,6.319,9.796,0.0710,365,102018,7982
5.228,11.843,15.097,0.0845,365,121133,7072
4.546,3.774,11.210,0.0862,365,168471119,8142856
4.588,5.593,13.358,0.0473,365,3775576,105868
3.671,3.717,7.072,0.0901,365,464675345,36779615
1.709,11.490,17.531,0.0408,365,53,5
2.065,5.257,5.359,0.0497,365,31579,3556
1.847,3.157,17.124,0.0094,365,463,7
4.279,2.456,10.760,0.0731,365,1137678608,49322217
2.394,7.916,11.666,0.0358,365,2137,116
1.571,5.032,9.720,0.0315,365,255,23
5.435,5.138,18.041,0.0458,365,4289916,85839
5.025,9.649,16.431,0.0067,365,150440,632
5.314,4.447,6.716,0.0603,320,2322471624,414130559
2.896,12.509,13.089,0.0136,365,1557,29
5.323,9.913,6.458,0.0402,365,97679259,3843872
3.838,10.533,14.217,0.0829,365,19189,1435
2.641,4.271,10.626,0.0525,365,67620,3835
4.506,3.324,13.785,0.0123,365,38624399,235680
5.522,13.548,7.218,0.0723,365,4982788,373661
2.785,10.970,18.606,0.0919,365,706,75
3.299,12.438,5.340,0.0481,365,82660,7804
5.470,13.821,9.341,0.0772,365,917182,64862
5.375,7.476,16.502,0.0368,365,1042379,20258
1.824,7.536,8.642,0.0745,365,516,102
2.550,10.538,8.808,0.0513,365,3091,291
4.556,2.709,13.676,0.0547,365,146844240,3742033
2.431,12.982,16.560,0.0184,365,280,8
3.659,9.931,10.339,0.0692,365,65025,4832
4.319,5.836,11.072,0.0988,365,5733747,391337
2.724,3.414,8.899,0.0865,365,788511,69607
3.264,5.677,11.158,0.0925,365,194821,16451
5.334,10.247,13.240,0.0843,365,671591,38169
5.701,12.184,6.886,0.0701,365,25002356,1719045
4.129,9.768,14.172,0.0665,365,50816,2744
5.879,5.134,8.404,0.0355,354,2520120403,151243304
1.706,6.020,10.115,0.0109,365,349,10
1.976,3.514,11.814,0.0995,365,2658,403
3.039,10.372,5.299,0.0807,365,107255,16821
5.073,7.914,14.562,0.0557,365,953005,31918
3.993,8.048,8.909,0.0304,365,1241884,36029
3.340,2.401,11.480,0.0712,365,10275793,478638
4.315,4.882,17.867,0.0832,365,412307,18435
1.518,10.040,15.078,0.0679,365,41,9
2.128,2.585,19.120,0.0123,365,1269,17
4.416,9.009,10.049,0.0111,365,977174,9291
1.596,2.266,12.238,0.0247,365,498,26
5.159,2.907,15.972,0.0929,365,132189660,4914080
2.766,7.922,17.624,0.0915,365,1761,170
5.169,5.232,11.544,0.0894,365,100384270,4973001
3.164,7.058,5.154,0.0919,365,3337861,464459
3.029,9.665,15.511,0.0214,365,2964,69
2.739,4.207,17.255,0.0067,365,8288,49
1.678,13.646,11.356,0.0320,365,54,6
4.124,8.966,13.829,0.0652,365,84209,4338
2.613,9.255,11.048,0.0579,365,3180,274
2.195,11.830,5.623,0.0688,365,1368,296
5.634,9.389,14.373,0.0721,365,1197861,51281
5.485,5.372,11.712,0.0157,365,171767921,1438158
5.423,4.147,13.113,0.0678,365,281565763,8962860
3.416,11.751,8.236,0.0367,365,34960,1823
2.424,13.604,18.536,0.0817,365,205,25
5.010,6.318,19.032,0.0631,365,432817,13598
5.367,6.910,19.133,0.0761,365,558470,20520
2.065,10.798,5.375,0.0361,365,1214,148
4.079,13.598,19.455,0.0830,365,3575,245
5.276,6.364,17.855,0.0400,365,1125417,21978
5.917,12.896,5.219,0.0266,365,143444341,4554943
3.082,12.105,12.022,0.0795,365,3499,369
2.555,7.413,5.643,0.0367,365,75400,5326
3.185,12.348,9.608,0.0704,365,8421,860
2.184,13.032,14.788,0.0904,365,186,32
3.412,8.847,17.697,0.0734,365,5922,375
2.923,13.219,9.287,0.0508,365,3379,291
4.219,12.610,13.852,0.0345,365,21335,667
2.520,12.624,11.768,0.0501,365,747,66
2.929,6.765,10.569,0.0723,365,36377,3000
4.304,13.718,13.038,0.0302,365,21723,625
3.993,9.121,18.919,0.0080,365,13562,78
2.792,4.553,5.526,0.0876,365,7081770,843201
2.974,9.359,13.264,0.0303,365,4858,172
2.888,10.796,15.119,0.0159,365,1632,31
4.725,2.689,18.818,0.0566,365,9206762,209677
5.361,13.394,12.351,0.0164,365,214590,2789
4.369,4.505,7.042,0.0995,365,1531509477,157784817
3.264,6.699,7.951,0.0890,365,597046,60562
2.067,10.299,18.062,0.0253,365,158,7
3.894,3.942,18.547,0.0549,365,227854,6904
4.001,12.890,12.258,0.0312,365,20243,648
1.669,13.729,6.289,0.0714,365,76,28
4.118,11.131,8.225,0.0225,365,342014,8749
4.076,7.429,9.580,0.0298,365,1694359,43874
1.742,7.256,13.982,0.0633,365,158,23
4.721,5.886,11.344,0.0380,365,14771205,354011
4.164,12.111,9.188,0.0145,365,135792,2187
3.959,5.387,6.637,0.0726,365,174006063,11902346
2.158,11.512,5.047,0.0662,365,1580,356
2.728,9.262,18.947,0.0063,365,885,6
3.009,13.188,11.994,0.0153,365,2148,47
5.096,12.467,16.408,0.0929,365,50439,3263
5.487,7.358,14.363,0.0699,365,3855427,147256
5.299,10.487,7.853,0.0779,365,14593767,1016155
4.607,6.650,16.026,0.0146,365,444774,3831
5.144,11.239,9.295,0.0283,365,2050241,50498
1.938,6.166,11.302,0.0462,365,758,68
1.612,6.909,5.640,0.0491,365,439,88
1.767,6.987,16.380,0.0185,365,139,5
5.859,2.333,5.372,0.0916,200,2894870279,731902460
2.558,12.730,18.391,0.0324,365,316,14
5.574,3.026,16.983,0.0107,365,177756427,705024
3.754,8.489,13.103,0.0293,365,57960,1476
5.053,8.244,12.297,0.0216,365,2222502,31808
4.918,2.761,11.174,0.0200,365,2535590307,36234876
2.474,2.822,5.563,0.0747,365,16135620,1560016
1.467,8.514,16.897,0.0735,365,37,8
5.310,2.612,12.655,0.0142,365,2844772528,26277621
5.557,8.616,9.098,0.0992,365,47707635,3420048
1.744,6.889,9.608,0.0859,365,351,79
3.269,9.250,11.962,0.0543,365,16748,994
1.316,2.223,18.679,0.0841,365,43,10
3.473,4.017,9.590,0.0337,365,7470225,198792
1.947,12.926,10.565,0.0382,365,155,16
5.597,13.548,6.358,0.0130,365,12403332,178507
1.631,9.962,15.957,0.0463,365,56,7
1.558,10.218,15.140,0.0710,365,45,10
1.586,3.936,15.157,0.0110,365,154,4
2.970,12.909,5.029,0.0973,365,24168,5556
3.511,3.110,5.805,0.0910,365,1868540438,306757445
5.888,8.371,7.678,0.0204,365,498146456,8176691
4.857,6.610,5.885,0.0962,365,1347141541,166993255
1.648,11.109,6.230,0.0949,365,123,55
3.093,10.616,14.694,0.0428,365,3051,147
2.666,7.267,13.636,0.0593,365,4052,286
5.750,6.695,15.843,0.0425,365,5564037,114420
4.637,11.590,9.383,0.0933,365,495276,44661
2.115,11.581,5.759,0.0681,365,1012,224
5.997,5.663,13.650,0.0549,365,100490763,2581960
1.659,11.388,8.779,0.0579,365,89,20
3.579,8.610,19.643,0.0422,365,6111,200
5.745,6.408,11.084,0.0986,365,150072182,8341273
1.459,7.778,6.125,0.0733,365,107,41
4.717,7.720,15.134,0.0171,365,394607,4223
1.873,12.573,7.600,0.0680,365,190,45
2.422,11.318,10.161,0.0744,365,1097,155
2.430,7.982,15.798,0.0929,365,962,117
2.078,8.922,10.712,0.0499,365,610,63
3.317,9.488,6.494,0.0226,365,238933,8015
1.662,3.470,17.319,0.0101,365,184,3
1.201,8.159,8.683,0.0448,365,17,6
4.865,4.375,5.193,0.0463,298,1984930874,353399410
3.364,8.071,8.184,0.0381,365,248690,11291
3.583,3.400,15.273,0.0276,365,598259,10133
4.632,7.558,17.356,0.0217,365,159496,2065
1.871,10.761,19.812,0.0483,365,78,7
4.911,11.504,6.302,0.0651,365,9801789,725792
4.334,2.799,7.328,0.0618,331,2479508318,385061807
4.383,5.835,13.260,0.0862,365,1804917,98247
3.992,2.053,7.227,0.0663,318,2523084000,454628585
1.920,7.439,12.654,0.0964,365,360,70
4.615,9.167,8.050,0.0960,365,5901021,527894
5.500,10.355,10.098,0.0507,365,4828134,184564
3.623,10.020,15.406,0.0900,365,10547,857
2.983,6.170,13.641,0.0352,365,18845,642
5.893,3.200,8.117,0.0364,286,2957800380,277703351
4.935,2.305,12.112,0.0950,365,2829606739,184463857
4.856,9.313,11.810,0.0406,365,873800,26273
4.812,5.888,10.172,0.0674,365,47746289,2101746
1.804,11.001,15.153,0.0632,365,88,13
2.598,12.132,12.182,0.0175,365,963,27
1.296,11.150,12.833,0.0745,365,18,6
1.639,12.530,11.691,0.0059,365,54,1
1.563,12.189,17.222,0.0316,365,33,3
5.810,8.103,6.601,0.0190,365,1302939150,27545908
4.715,3.097,11.867,0.0509,365,552871249,14534376
1.956,12.617,12.413,0.0650,365,137,22
4.679,11.481,7.994,0.0416,365,1381492,59726
1.995,6.706,7.657,0.0463,365,2314,243
5.852,11.620,15.268,0.0437,365,355365,9585
2.872,7.104,19.706,0.0568,365,2055,109
3.103,4.229,19.978,0.0171,365,12337,151
5.847,10.396,8.431,0.0672,365,35006787,1858214
2.356,9.407,19.853,0.0293,365,318,12
3.355,11.806,5.767,0.0741,365,107365,14172
2.355,8.939,18.533,0.0515,365,408,28
4.103,13.667,15.076,0.0677,365,8836,556
1.991,11.225,10.657,0.0548,365,250,34
1.677,3.147,6.394,0.0687,365,5214,893
1.401,9.647,10.340,0.0490,365,35,8
1.468,4.921,16.032,0.0051,365,67,1
2.071,9.709,7.158,0.0289,365,1088,84
3.023,9.784,16.892,0.0484,365,2137,109
1.703,5.090,15.045,0.0149,365,195,6
4.995,5.574,18.816,0.0542,365,798054,20741
4.931,5.016,13.051,0.0753,365,22391431,904341
4.501,12.147,12.543,0.0405,365,68092,2417
4.875,12.179,16.822,0.0606,365,34945,1500
3.118,11.430,8.979,0.0439,365,12413,806
5.199,9.943,13.975,0.0108,365,447091,3212
4.201,10.661,8.012,0.0158,365,652270,11375
4.025,5.818,15.177,0.0539,365,275745,9691
1.391,8.879,13.469,0.0050,365,32,1
2.763,10.189,14.623,0.0415,365,1563,82
5.758,11.648,9.131,0.0864,365,6665592,466763
4.328,5.698,7.814,0.0648,365,117619740,6177086
4.315,6.432,18.753,0.0266,365,100876,1562
2.524,12.570,9.756,0.0607,365,1155,135
3.910,10.130,11.005,0.0190,365,84746,1582
3.947,8.223,14.877,0.0992,365,56762,4339
2.235,13.299,8.387,0.0648,365,513,86
1.964,10.955,18.518,0.0183,365,105,4
5.804,13.017,14.230,0.0057,365,254957,992
4.885,7.463,16.345,0.0642,365,412838,15329
1.811,11.702,11.103,0.0088,365,116,3
5.710,7.172,5.406,0.0521,339,1717581870,291466350
2.874,8.405,6.907,0.0397,365,68498,4330
5.954,3.735,14.819,0.0601,365,610253132,15042155
3.415,13.533,15.775,0.0592,365,2194,142
2.776,7.080,5.248,0.0359,365,427855,26929
3.720,8.203,9.496,0.0400,365,332175,13326
5.516,7.373,12.847,0.0122,365,9430410,65940
5.673,5.286,15.506,0.0655,365,23171793,683871
2.994,3.366,11.872,0.0945,365,396391,30621
2.905,4.017,7.949,0.0299,365,2129862,66633
3.071,9.969,9.624,0.0606,365,15823,1296
2.693,10.228,6.300,0.0506,365,16126,1650
2.600,7.645,16.475,0.0688,365,1531,122
5.024,2.223,6.798,0.0233,256,2861549796,183770162
4.296,8.616,8.099,0.0469,365,3550494,160412
5.220,3.422,10.254,0.0750,365,2841396328,202032320
3.818,5.731,10.948,0.0112,365,1405106,12282
5.471,7.536,17.958,0.0340,365,680651,11648
4.981,8.011,18.108,0.0446,365,190961,4775
3.584,3.801,8.740,0.0289,365,38116580,857397
2.157,12.436,17.925,0.0197,365,142,5
4.087,7.964,7.368,0.0071,365,5990763,43159
2.373,8.099,9.165,0.0635,365,3872,428
2.547,6.404,16.351,0.0478,365,2067,111
1.397,11.784,13.841,0.0436,365,23,4
1.256,6.271,5.005,0.0391,365,44,14
4.881,2.097,16.797,0.0367,365,147163851,2056141
2.300,13.585,6.092,0.0729,365,1012,224
5.763,6.714,9.914,0.0623,365,289963247,11144178
4.111,6.992,19.951,0.0107,365,34006,225
5.076,9.299,17.402,0.0785,365,143479,6716
1.852,13.272,16.543,0.0438,365,67,7
2.979,13.546,9.888,0.0144,365,3012,70
4.855,4.817,17.304,0.0447,365,2137029,46039
5.899,5.677,14.108,0.0358,365,58223896,971158
3.402,10.863,8.141,0.0707,365,53806,5235
1.921,12.982,5.362,0.0589,365,308,78
1.461,4.280,7.349,0.0757,365,292,82
4.247,7.617,18.189,0.0298,365,53426,1017
3.741,6.510,5.588,0.0923,365,54480859,5886051
1.830,6.114,11.542,0.0944,365,454,91
1.859,11.009,16.004,0.0239,365,96,5
2.819,3.090,15.059,0.0573,365,50384,2320
2.198,3.169,16.750,0.0094,365,2189,23
2.835,5.099,8.759,0.0175,365,236732,4719
2.968,7.784,12.307,0.0458,365,12233,626
2.350,6.159,17.620,0.0725,365,962,84
5.707,7.830,10.098,0.0949,365,64467086,3928876
1.646,7.341,7.000,0.0672,365,320,77
3.747,11.306,10.187,0.0959,365,44977,4858
1.742,3.339,15.304,0.0967,365,374,64
4.037,8.442,17.140,0.0187,365,31019,416
1.802,12.674,18.559,0.0516,365,56,6
5.694,8.632,7.733,0.0516,365,231686358,9517006
4.369,12.673,6.544,0.0429,365,834489,46961
5.311,7.923,13.415,0.0670,365,2758459,110576
4.018,5.484,11.114,0.0854,365,3116680,192071
5.542,2.298,12.029,0.0671,342,3418799255,326859752
1.398,11.897,10.180,0.0216,365,26,3
5.324,8.353,16.890,0.0809,365,456431,20395
1.311,6.269,5.808,0.0516,365,62,21
4.898,2.338,13.240,0.0449,365,1346070809,29171364
5.130,7.155,9.601,0.0570,365,45011317,1772302
4.649,6.151,6.157,0.0432,365,1081494097,52163385
1.298,12.954,11.989,0.0785,365,15,6
4.947,6.716,8.446,0.0913,365,125443094,8532090
4.646,8.143,15.559,0.0461,365,220746,6523
4.812,3.501,9.240,0.0897,365,2460885165,206548650
3.705,10.397,9.995,0.0296,365,67664,2207
3.939,5.282,15.330,0.0338,365,309352,6688
3.372,5.219,16.537,0.0788,365,40665,2356
1.611,4.152,8.089,0.0457,365,733,92
4.802,13.880,18.301,0.0190,365,12550,175
1.606,5.617,14.823,0.0185,365,118,5
4.134,10.791,17.010,0.0128,365,14986,149
2.291,8.748,11.589,0.0488,365,1141,95
4.951,9.967,19.974,0.0686,365,41487,1687
2.337,7.723,7.835,0.0749,365,6601,928
3.512,10.650,18.466,0.0267,365,3483,82
1.447,7.532,15.363,0.0370,365,43,5
5.730,4.567,8.501,0.0631,346,2621224017,313278644
3.310,7.857,17.568,0.0880,365,6987,524
5.432,9.537,5.793,0.0972,365,389908897,40678057
3.484,10.097,6.964,0.0279,365,209860,8201
3.067,11.482,13.624,0.0416,365,2792,142
5.448,7.884,6.611,0.0926,365,820150264,74617228
4.258,10.770,8.899,0.0886,365,411675,37815
2.880,10.346,11.942,0.0964,365,3731,481
3.927,11.052,11.810,0.0660,365,41501,2702
1.662,11.471,14.696,0.0326,365,55,5
3.515,7.885,7.668,0.0693,365,693959,55731
3.671,8.442,11.407,0.0764,365,94724,6839
5.809,10.172,6.487,0.0493,365,255673074,11973493
1.294,8.091,8.823,0.0587,365,29,10
4.446,11.512,5.874,0.0436,365,3867289,218776
3.776,3.733,10.619,0.0380,365,16688448,428348
1.807,2.182,9.687,0.0269,365,5532,251
2.568,5.739,8.476,0.0122,365,47749,803
2.431,8.199,10.289,0.0062,365,3227,32
4.037,13.311,15.789,0.0135,365,7378,91
2.815,2.425,12.629,0.0739,365,330061,19292
1.311,8.185,14.709,0.0850,365,24,8
5.225,8.262,9.796,0.0549,365,16605748,654339
3.880,2.510,8.074,0.0328,365,2261246942,82336665
3.334,3.631,15.465,0.0541,365,181311,6643
1.873,6.691,10.358,0.0192,365,584,25
1.754,6.612,16.707,0.0077,365,138,2
4.305,9.844,6.956,0.0363,365,3423867,138589
1.690,11.234,10.167,0.0235,365,90,7
3.395,13.753,16.185,0.0407,365,1858,83
3.069,5.110,11.232,0.0824,365,145304,11231
1.395,5.155,9.855,0.0679,365,85,22
2.953,6.389,7.116,0.0767,365,396058,40088
4.824,6.973,7.501,0.0577,365,166545757,7977380
3.356,8.287,6.075,0.0358,365,959420,48606
1.348,5.375,8.413,0.0105,365,72,4
4.163,8.271,16.902,0.0121,365,47050,395
1.818,3.163,6.935,0.0543,365,11862,1322
1.492,5.541,14.033,0.0226,365,80,5
1.682,7.612,10.606,0.0073,365,179,4
2.234,2.665,7.867,0.0472,365,238262,14589
4.683,5.082,15.871,0.0688,365,2109030,76063
5.743,9.142,13.196,0.0812,365,3080637,150143
3.602,11.129,8.675,0.0991,365,65079,8167
5.420,6.659,16.183,0.0078,365,2458662,9640
1.437,4.633,7.072,0.0164,365,225,15
4.523,5.690,18.711,0.0537,365,265920,7595
5.590,6.363,13.779,0.0715,365,16606933,612016
3.529,13.176,12.337,0.0304,365,6551,234
5.138,13.187,9.024,0.0198,365,777953,14822
5.192,11.717,7.789,0.0926,365,4831898,433597
3.700,3.752,6.736,0.0976,365,739875927,68193101
2.802,4.035,8.070,0.0973,365,1079210,114289
5.870,8.453,12.220,0.0185,365,11747427,127885
4.609,5.178,19.157,0.0936,365,405366,19034
3.326,5.247,12.172,0.0242,365,204301,4137
3.119,8.362,15.085,0.0742,365,6521,482
3.561,2.336,14.866,0.0797,365,2644708,118358
4.106,12.278,11.233,0.0252,365,45702,1174
2.105,5.794,5.600,0.0823,365,21881,4064
2.271,10.149,17.875,0.0536,365,278,22
1.265,8.387,18.448,0.0753,365,18,5
4.059,6.594,7.545,0.0271,365,19004352,476755
3.912,10.638,19.078,0.0082,365,6605,42
2.808,7.072,7.700,0.0498,365,80872,5712
4.712,2.895,9.905,0.0895,365,2698269652,222574191
5.109,5.607,16.295,0.0240,365,2955616,35197
2.522,2.909,16.051,0.0363,365,11892,391
3.369,11.484,8.572,0.0835,365,29691,3454
4.944,3.027,8.537,0.0559,333,2765209525,332911012
2.561,3.976,5.862,0.0984,365,2558150,349734
1.431,11.182,17.487,0.0875,365,25,7
5.822,6.380,5.648,0.0233,322,1889926426,155989492
4.262,7.984,17.877,0.0802,365,50067,2622
3.214,2.696,18.309,0.0089,365,87706,488
3.702,9.497,8.286,0.0667,365,270273,20910
2.141,9.760,6.446,0.0619,365,1818,303
1.612,3.177,6.852,0.0157,365,2245,94
2.830,4.713,14.319,0.0205,365,21157,399
4.420,8.584,7.831,0.0992,365,6590940,622235
1.548,2.975,9.284,0.0729,365,584,111
2.487,5.787,8.917,0.0171,365,25132,608
2.639,8.422,6.466,0.0055,365,32730,328
2.002,5.668,12.748,0.0615,365,861,90
2.769,2.345,18.393,0.0769,365,22118,1250
4.735,9.500,19.340,0.0946,365,41035,2381
2.427,4.640,10.556,0.0790,365,19560,1938
5.523,10.955,15.615,0.0663,365,250943,10396
2.927,11.500,12.864,0.0883,365,2337,274
3.841,10.081,17.352,0.0078,365,10116,64
5.204,11.885,8.379,0.0413,365,2881287,111424
5.710,9.512,14.737,0.0158,365,1087525,10045
2.633,8.286,8.278,0.0293,365,13871,653
2.628,3.521,13.643,0.0302,365,28837,820
5.795,3.401,14.719,0.0495,365,766291229,15752262
3.199,7.384,13.165,0.0531,365,22322,1152
4.412,5.576,10.524,0.0734,365,15259417,760178
1.978,3.473,7.715,0.0917,365,17746,2843
2.148,8.241,6.812,0.0153,365,3231,117
4.206,2.583,12.621,0.0976,365,121964694,6069279
1.284,4.797,16.038,0.0844,365,30,9
4.979,6.089,9.223,0.0619,365,141856237,5976916
4.023,5.106,13.352,0.0972,365,1198746,75928
2.215,7.075,15.930,0.0781,365,638,71
2.487,12.861,19.780,0.0794,365,232,26
2.500,3.687,18.584,0.0822,365,3424,264
5.393,9.219,5.086,0.0857,365,935408278,112700288
1.315,11.430,9.608,0.0551,365,20,6
4.555,3.544,11.784,0.0920,365,155175355,7652122
4.102,8.984,7.617,0.0827,365,2119572,186145
3.603,6.439,9.426,0.0583,365,947197,51290
3.435,10.080,19.690,0.0359,365,2835,88
3.386,5.046,8.383,0.0286,365,3844526,103305
3.786,10.916,13.528,0.0365,365,18055,628
1.596,10.254,5.613,0.0872,365,129,58
4.894,9.706,10.454,0.0219,365,1548213,26948
2.199,11.600,13.250,0.0408,365,305,24
3.284,6.466,14.458,0.0344,365,30141,892
5.169,12.443,5.289,0.0890,365,27622878,3108183
3.818,3.964,5.723,0.0865,365,1774436617,253401124
4.831,5.823,8.919,0.0095,365,170752998,1137402
4.481,5.556,14.172,0.0538,365,1871737,59499
5.459,4.130,11.565,0.0730,365,1052271740,41569804
2.448,2.730,5.364,0.0804,365,21800183,2309349
1.209,3.012,9.103,0.0388,365,44,9
3.559,4.780,18.212,0.0069,365,53242,239
5.302,6.331,18.737,0.0458,365,861725,18806
3.167,9.511,19.609,0.0931,365,1962,169
5.855,2.731,9.423,0.0429,296,3215414613,313544748
2.360,4.927,19.104,0.0226,365,1154,28
3.194,9.440,15.049,0.0472,365,5293,255
2.122,8.772,16.176,0.0692,365,303,34
1.911,6.873,8.635,0.0383,365,1017,91
3.448,7.641,10.284,0.0738,365,135970,10162
3.891,7.230,13.292,0.0519,365,159769,6435
5.635,4.128,5.664,0.0219,270,2301255805,173370524
3.915,3.109,19.543,0.0961,365,356918,17333
5.960,11.550,17.653,0.0960,365,193147,10501
5.541,6.692,13.218,0.0387,365,15060203,314653
4.593,12.898,19.900,0.0696,365,8781,435
2.517,2.208,9.378,0.0626,365,868027,52925
1.472,2.553,7.449,0.0545,365,775,129
4.631,3.817,17.570,0.0836,365,3050137,118378
3.966,10.647,7.554,0.0464,365,454974,25457
4.450,8.505,17.171,0.0057,365,69952,261
4.752,11.770,10.354,0.0251,365,349055,7922
2.046,12.552,19.441,0.0679,365,97,12
4.201,4.632,9.150,0.0284,365,86381695,1730586
3.096,10.155,16.361,0.0676,365,2507,178
5.431,5.290,17.930,0.0663,365,3855599,113219
1.355,11.593,17.240,0.0354,365,19,2
1.284,9.182,7.930,0.0830,365,24,13
3.613,3.622,8.459,0.0090,365,80387587,557622
3.556,7.346,17.080,0.0520,365,17734,716
5.433,13.287,19.888,0.0079,365,26195,128
5.596,5.729,11.842,0.0619,365,130553528,4303383
5.037,4.261,7.178,0.0556,340,2349909665,313049379
5.534,5.283,19.311,0.0409,365,2655462,46023
3.321,11.804,11.976,0.0076,365,7005,64
2.569,3.930,10.237,0.0561,365,80461,4983
2.745,3.041,12.658,0.0715,365,116614,7252
5.210,10.865,17.209,0.0497,365,92041,2870
4.207,9.855,15.126,0.0217,365,42388,713
4.853,4.391,10.879,0.0650,365,229161352,8478110
2.719,5.964,8.802,0.0967,365,66250,8218
3.675,5.991,9.277,0.0340,365,2074450,62581
5.764,9.735,19.048,0.0335,365,219044,3834
5.200,10.646,16.125,0.0642,365,140347,5772
5.972,13.112,18.292,0.0340,365,86411,1731
5.356,6.237,15.366,0.0449,365,4585538,104467
3.774,10.976,18.902,0.0298,365,4785,118
2.968,13.153,14.523,0.0328,365,1198,52
4.517,2.074,9.285,0.0811,334,2923090980,464868516
3.916,5.676,19.329,0.0363,365,53627,1184
5.321,11.961,11.950,0.0295,365,466431,10550
1.468,12.791,12.937,0.0220,365,28,2
2.026,5.030,17.937,0.0894,365,448,57
1.814,3.341,5.407,0.0267,365,29807,1840
4.492,9.042,6.168,0.0423,365,26302865,1221642
1.801,5.653,5.988,0.0906,365,2628,676
2.565,4.770,16.804,0.0781,365,3903,305
2.622,2.646,7.771,0.0552,365,3959378,225299
4.140,3.627,18.755,0.0963,365,562857,27239
1.563,7.430,15.665,0.0258,365,66,4
3.790,5.711,8.584,0.0689,365,7457620,447687
2.423,12.252,18.537,0.0566,365,253,21
1.406,11.662,12.290,0.0135,365,26,1
2.708,3.378,8.102,0.0241,365,1510208,38510
3.548,11.041,19.749,0.0468,365,2662,108
5.393,6.257,11.694,0.0252,365,46420204,664804
3.853,3.607,7.285,0.0212,365,918765259,17275300
2.473,9.234,11.158,0.0395,365,1972,124
5.592,8.469,15.599,0.0745,365,1174742,48214
3.320,12.143,6.721,0.0932,365,45856,7157
4.758,3.557,18.337,0.0652,365,4041006,115017
2.800,3.464,10.659,0.0921,365,308070,26394
1.679,5.373,18.502,0.0480,365,113,11
4.718,6.153,18.103,0.0477,365,365640,9292
1.821,11.767,13.381,0.0687,365,95,17
4.225,5.431,9.610,0.0236,365,20609654,353790
5.633,10.447,12.913,0.0548,365,1230346,44273
5.134,2.762,10.389,0.0671,352,3050597884,287396220
1.781,2.717,12.751,0.0660,365,1055,118
3.285,11.929,9.959,0.0402,365,11452,622
5.443,3.409,11.163,0.0095,365,2799795125,20945286
1.711,7.711,18.285,0.0941,365,85,17
3.930,13.178,13.075,0.0572,365,12422,726
2.551,13.614,17.636,0.0113,365,291,5
2.085,2.105,10.686,0.0799,365,23884,2381
5.540,13.201,6.914,0.0106,365,8309700,91950
4.720,4.922,9.237,0.0458,365,310951705,9475661
2.976,12.823,6.280,0.0179,365,13641,500
3.671,11.313,10.636,0.0300,365,31050,1050
2.388,9.741,15.120,0.0367,365,596,32
4.435,10.360,6.805,0.0647,365,3854839,281271
3.877,6.790,5.595,0.0670,365,66587016,5158395
1.621,2.071,9.115,0.0610,365,1890,246
4.754,13.083,10.248,0.0656,365,193475,12193
5.507,11.952,18.023,0.0899,365,74299,4077
5.095,2.198,9.745,0.0342,316,3144059178,226914669
2.126,13.466,12.323,0.0539,365,195,24
2.711,6.534,9.950,0.0192,365,24456,596
1.303,8.439,18.594,0.0548,365,20,4
1.628,12.654,14.611,0.0694,365,43,9
2.754,13.704,17.574,0.0700,365,438,41
1.768,9.752,9.612,0.0501,365,177,27
2.942,8.367,10.483,0.0194,365,16228,394
4.039,6.953,12.919,0.0358,365,339328,9042
5.050,8.269,9.830,0.0781,365,10339727,595504
4.396,9.673,14.653,0.0337,365,79766,2015
5.707,7.446,15.766,0.0145,365,2838301,21046
5.054,5.079,5.926,0.0736,331,2016430804,466176172
1.924,2.395,14.696,0.0426,365,1573,92
4.870,3.344,11.148,0.0274,365,1049970036,16267125
2.090,4.870,14.559,0.0467,365,1119,75
4.639,2.832,6.406,0.0796,289,2493608647,613344473
1.815,13.586,19.017,0.0685,365,51,8
3.325,4.964,5.317,0.0874,365,105023733,11024821
3.548,11.654,19.139,0.0323,365,2504,73
2.493,8.773,6.103,0.0635,365,16861,2240
4.433,6.170,18.530,0.0488,365,166058,4548
4.567,2.694,6.810,0.0174,298,2536181911,130918422
2.233,10.978,10.929,0.0155,365,565,18
5.016,13.916,8.424,0.0674,365,585966,41519
2.814,11.680,7.734,0.0369,365,6969,472
1.857,8.018,15.157,0.0799,365,175,28
2.383,8.529,10.592,0.0951,365,2177,342
4.915,4.493,13.464,0.0568,365,31417073,909914
1.586,9.814,18.581,0.0942,365,43,10
2.727,12.993,5.189,0.0828,365,8662,1856
2.218,2.274,12.829,0.0493,365,15669,848
5.732,7.968,17.204,0.0422,365,1099996,23385
5.183,12.793,5.518,0.0185,365,17153756,395188
5.683,10.552,17.448,0.0482,365,213046,5854
5.972,5.375,16.148,0.0083,365,28462306,101389
1.449,9.782,10.830,0.0383,365,41,7
1.731,13.947,12.108,0.0948,365,58,17
4.631,5.686,17.126,0.0364,365,622897,12181
3.700,7.973,7.381,0.0565,365,1547329,98536
2.849,9.594,12.277,0.0185,365,4088,98
4.496,7.235,7.337,0.0512,365,51258103,2346735
3.849,13.794,18.754,0.0983,365,2650,233
4.393,8.718,6.013,0.0281,365,30991534,972159
2.629,8.893,7.581,0.0173,365,13554,410
1.318,11.845,6.238,0.0863,365,20,14
2.680,12.810,10.112,0.0832,365,1561,230
2.435,6.860,5.276,0.0373,365,81613,6229
1.816,7.927,14.939,0.0545,365,159,18
3.151,10.997,6.763,0.0135,365,45856,1038
3.139,2.591,6.308,0.0924,365,865225104,83126258
3.182,13.554,6.569,0.0425,365,17083,1380
2.128,12.503,5.034,0.0994,365,965,353
4.316,12.295,5.207,0.0863,365,2793874,359855
3.109,11.471,19.675,0.0364,365,1055,39
2.090,11.816,7.952,0.0596,365,496,81
1.796,2.239,5.709,0.0476,365,80979,7694
4.770,9.688,19.809,0.0059,365,35855,129
5.495,9.423,5.116,0.0714,365,945384761,94909565
1.211,7.849,9.934,0.0271,365,18,3
3.402,9.355,10.172,0.0072,365,45780,373
3.740,4.070,8.527,0.0526,365,61522825,2500867
1.435,10.832,9.310,0.0559,365,37,10
2.062,8.017,13.446,0.0667,365,449,54
4.310,2.955,14.396,0.0395,365,23161579,450457
4.400,8.097,13.150,0.0284,365,350609,7227
4.415,13.061,18.496,0.0490,365,8407,317
5.525,13.436,19.338,0.0331,365,32074,660
2.304,5.059,13.421,0.0172,365,3209,71
1.229,2.994,5.862,0.0110,365,92,7
5.114,2.840,5.449,0.0701,244,2509484960,557348639
2.381,7.808,16.396,0.0138,365,791,14
3.760,5.711,17.477,0.0519,365,63167,2165
4.884,5.424,9.772,0.0459,365,153216129,4508720
5.662,12.599,13.957,0.0755,365,270646,14079
1.561,6.196,18.580,0.0875,365,64,13
2.529,10.515,15.409,0.0716,365,686,69
4.318,10.749,11.515,0.0942,365,131440,11096
5.760,12.333,7.255,0.0185,365,18373946,323413
4.986,5.498,12.291,0.0179,365,24675299,249424
5.917,5.111,15.085,0.0220,365,64655986,617747
4.939,5.156,5.763,0.0902,335,1952294918,549745631
4.828,12.695,17.889,0.0477,365,20697,699
3.479,3.188,19.410,0.0316,365,92376,1705
3.571,5.141,17.713,0.0363,365,50934,1241
3.421,8.012,15.723,0.0365,365,13667,432
1.368,5.081,13.954,0.0962,365,49,16
5.960,5.650,13.754,0.0347,365,87435863,1420847
2.679,6.675,12.179,0.0229,365,8560,234
1.738,3.207,15.235,0.0678,365,390,47
3.144,3.634,5.288,0.0409,365,456739989,22350512
3.246,2.956,9.853,0.0901,365,10412695,710140
3.201,11.539,17.145,0.0326,365,1851,63
4.780,6.685,19.883,0.0170,365,161027,1436
5.788,7.479,9.273,0.0628,365,228750639,9527871
2.511,9.397,7.902,0.0385,365,5848,421
5.114,5.639,6.387,0.0876,357,2001863205,362895213
4.414,12.812,12.951,0.0498,365,38186,1719
3.837,11.369,14.646,0.0225,365,12419,258
1.938,4.052,9.221,0.0165,365,4094,121
4.181,4.963,12.626,0.0901,365,3433893,195922
5.552,2.186,10.813,0.0769,313,3393643960,507099254
5.692,3.908,17.385,0.0336,365,47076182,611659
5.745,9.609,5.109,0.0672,365,1193401077,128071533
1.483,8.978,10.607,0.0378,365,56,8
5.487,13.352,11.679,0.0194,365,364722,5651
4.400,12.341,14.684,0.0146,365,25998,317
3.057,12.813,8.871,0.0568,365,6408,590
3.109,12.612,6.074,0.0332,365,25847,1684
4.659,11.725,12.826,0.0391,365,100802,3258
5.265,11.184,10.090,0.0695,365,1697403,96018
1.626,3.682,18.790,0.0873,365,126,21
5.578,12.361,19.756,0.0492,365,45135,1305
2.977,3.570,8.579,0.0326,365,3263136,100173
5.737,10.499,12.019,0.0609,365,2293508,93649
3.904,11.699,12.323,0.0057,365,25198,143
3.239,7.126,6.432,0.0107,365,1228464,17277
3.074,8.313,10.055,0.0997,365,30451,3676
4.236,11.401,6.963,0.0954,365,924462,108302
3.303,3.204,8.859,0.0462,365,24061867,881205
4.475,7.038,17.437,0.0794,365,151887,7216
1.287,13.475,7.822,0.0330,365,14,4
1.318,6.793,10.418,0.0211,365,37,4
1.900,8.110,17.932,0.0501,365,147,13
3.295,12.988,11.770,0.0100,365,4740,61
2.561,2.379,12.727,0.0358,365,91687,2936
2.856,5.854,8.664,0.0614,365,141958,10500
5.986,11.422,9.984,0.0782,365,6881807,398896
2.333,12.453,10.112,0.0556,365,620,72
3.846,9.805,8.680,0.0287,365,270765,8590
4.028,7.167,13.495,0.0306,365,218891,4976
2.730,5.930,11.640,0.0125,365,18770,266
3.799,7.669,14.921,0.0553,365,52533,2259
1.689,3.528,18.291,0.0327,365,179,11
4.759,7.078,12.819,0.0454,365,2075640,60529
4.551,3.727,12.822,0.0937,365,48769759,2392403
4.190,7.853,8.238,0.0276,365,4453219,114900
4.523,7.232,12.042,0.0265,365,1548392,28623
2.210,5.572,9.507,0.0983,365,6048,958
3.228,5.101,11.424,0.0947,365,240228,19965
2.175,11.559,7.057,0.0737,365,914,185
4.760,8.852,15.640,0.0409,365,180760,4793
1.971,8.701,15.947,0.0854,365,200,31
3.919,10.868,19.514,0.0731,365,5715,325
1.927,6.980,12.273,0.0310,365,452,28
2.042,12.875,5.889,0.0324,365,475,56
3.017,7.120,10.660,0.0094,365,38291,405
5.326,11.792,15.142,0.0161,365,144082,1567
5.672,4.089,11.497,0.0066,365,1800896102,7051590
3.566,9.612,16.988,0.0102,365,7372,65
3.603,4.433,10.138,0.0884,365,4721398,321547
5.818,4.825,5.657,0.0105,282,2175028675,82291604
3.722,12.986,19.813,0.0154,365,2188,30
3.028,9.433,6.486,0.0861,365,84590,11979
2.301,8.285,17.412,0.0445,365,477,29
5.670,10.006,18.241,0.0450,365,211634,5203
4.266,11.687,17.102,0.0857,365,13663,917
3.861,7.378,16.349,0.0804,365,44681,2604
3.403,3.467,8.351,0.0352,365,43364142,1236043
4.616,4.747,18.657,0.0991,365,715582,34782
4.150,11.294,6.164,0.0473,365,1437291,90812
4.189,5.694,8.589,0.0081,365,32779349,210300
2.134,2.111,6.300,0.0344,365,1352938,64656
4.794,10.891,6.848,0.0777,365,6862483,573180
1.352,8.871,16.937,0.0570,365,24,5
3.669,8.683,17.502,0.0094,365,11571,86
4.436,2.735,17.774,0.0966,365,6235332,263929
4.076,12.618,13.269,0.0989,365,19078,1805
2.793,11.381,9.554,0.0068,365,3956,44
1.810,11.461,5.254,0.0239,365,292,31
1.858,9.463,10.943,0.0617,365,223,35
2.059,9.022,9.213,0.0526,365,765,91
4.922,13.762,6.974,0.0617,365,1328465,97033
3.167,2.221,6.324,0.0489,365,1713957897,110485975
1.518,12.936,16.330,0.0393,365,28,4
1.803,9.017,8.388,0.0228,365,308,21
3.283,9.966,16.826,0.0475,365,3670,168
2.012,8.889,9.186,0.0411,365,664,64
2.173,13.730,14.836,0.0627,365,161,20
5.145,6.756,11.414,0.0921,365,17651653,1003436
4.267,12.824,11.866,0.0288,365,41014,1153
2.109,9.490,15.983,0.0461,365,256,20
2.189,6.240,17.783,0.0247,365,555,18
5.954,2.361,10.603,0.0872,299,3459460061,617949695
5.967,6.529,19.671,0.0951,365,1846825,74720
3.688,11.347,17.389,0.0215,365,4915,94
5.657,8.506,7.958,0.0540,365,192748752,8072624
1.983,10.029,6.550,0.0860,365,773,204
2.517,13.705,13.909,0.0214,365,417,15
3.559,9.557,14.907,0.0842,365,12465,960
1.534,10.222,8.264,0.0697,365,68,21
3.819,9.736,8.809,0.0955,365,242851,25580
3.448,10.532,16.998,0.0965,365,4223,380
5.757,7.795,11.187,0.0959,365,32779471,1897228
1.265,8.983,14.682,0.0764,365,18,6
1.411,4.114,6.564,0.0514,365,262,57
5.599,8.117,13.968,0.0214,365,3277850,39717
3.449,5.703,15.270,0.0685,365,57987,3022
2.166,4.636,14.970,0.0204,365,1514,41
1.501,12.817,11.210,0.0260,365,33,4
5.802,12.207,12.641,0.0897,365,717683,44896
5.228,3.410,18.466,0.0646,365,16026100,405941
5.123,5.243,10.308,0.0513,365,245886127,7549411
2.320,8.691,14.788,0.0060,365,681,6
3.238,6.247,15.488,0.0297,365,21312,532
4.232,13.921,7.565,0.0438,365,157705,9058
3.737,11.158,8.087,0.0639,365,127067,10296
5.998,2.363,8.549,0.0324,260,3299562583,254128248
5.833,8.137,14.991,0.0649,365,3094440,106603
2.024,7.535,7.716,0.0214,365,1768,88
3.760,2.833,8.457,0.0840,365,729146506,45464908
5.889,11.019,18.690,0.0973,365,160954,8552
2.054,3.475,6.167,0.0162,365,97346,2810
3.123,8.751,16.399,0.0766,365,4167,312
3.345,8.707,19.130,0.0516,365,3997,175
4.145,6.107,9.340,0.0725,365,8962055,513258
2.392,4.639,14.342,0.0283,365,4295,140
2.574,6.131,16.206,0.0192,365,2575,54
1.802,10.539,8.999,0.0927,365,186,53
2.987,8.454,16.963,0.0298,365,2939,88
5.763,5.881,16.889,0.0455,365,7241431,147314
3.457,7.639,8.908,0.0959,365,300630,31125
4.083,4.421,6.613,0.0717,365,1164490373,86118278
1.533,11.156,9.404,0.0547,365,52,12
4.506,4.610,18.674,0.0690,365,611069,20967
5.676,2.433,11.360,0.0734,328,3392173600,426451794
3.672,8.259,12.986,0.0498,365,55397,2432
2.515,8.379,6.997,0.0836,365,14692,2299
2.166,10.047,15.017,0.0566,365,303,30
1.366,4.005,5.417,0.0824,365,263,109
1.385,4.797,9.284,0.0895,365,95,34
4.074,2.116,10.313,0.0844,365,1589622970,88135036
4.254,13.047,17.333,0.0097,365,8277,66
1.381,3.211,9.924,0.0223,365,135,11
1.959,6.804,11.247,0.0876,365,670,116
5.787,10.863,8.758,0.0364,365,16277266,471469
2.450,13.928,6.439,0.0500,365,1422,194
4.771,6.751,8.377,0.0235,365,75589188,1366618
3.485,5.401,10.350,0.0911,365,886934,69273
4.554,5.382,19.816,0.0510,365,243935,6316
5.872,7.145,12.680,0.0217,365,28677452,335015
2.594,6.504,10.621,0.0078,365,11970,122
5.972,11.218,8.850,0.0980,365,17372328,1335988
3.234,4.094,5.115,0.0092,365,402213755,4540742
5.320,5.249,13.098,0.0115,365,46443975,272680
5.745,8.799,19.931,0.0382,365,263853,4961
1.347,8.710,15.732,0.0193,365,25,2
1.562,6.279,9.960,0.0591,365,158,29
4.447,6.305,17.672,0.0082,365,210623,993
1.577,7.847,9.436,0.0645,365,123,27
4.212,12.084,18.902,0.0523,365,7413,298
3.210,6.813,10.623,0.0587,365,91851,5529
3.253,7.116,6.396,0.0110,365,1363631,19742
4.838,11.219,5.599,0.0658,365,20377458,1635217
4.064,4.924,17.617,0.0057,365,229279,751
2.341,8.811,10.210,0.0833,365,1873,273
5.608,4.908,7.477,0.0368,339,2391851556,207280000
4.090,11.990,7.097,0.0817,365,390836,41285
5.153,13.387,18.149,0.0863,365,25420,1491
3.503,2.408,10.869,0.0282,365,39031828,695256
4.051,7.824,6.388,0.0841,365,15615769,1443318
1.469,4.217,18.373,0.0149,365,62,2
4.531,12.453,19.943,0.0847,365,9015,542
3.022,8.646,10.603,0.0378,365,17463,809
4.704,6.519,7.630,0.0546,365,173582280,7722183
5.448,9.441,19.981,0.0902,365,116720,5590
3.379,6.754,6.639,0.0213,365,2678374,68790
1.740,6.506,5.049,0.0091,365,1592,52
1.448,7.742,18.776,0.0398,365,35,4
3.809,2.723,19.380,0.0967,365,409303,19982
1.206,5.969,16.838,0.0611,365,18,5
3.392,8.318,18.187,0.0815,365,6168,421
1.841,2.037,15.192,0.0514,365,1075,80
4.828,8.898,11.455,0.0396,365,1306040,38174
2.112,2.764,6.517,0.0229,365,288565,10119
4.824,11.620,11.324,0.0847,365,276060,19805
5.316,2.350,13.572,0.0874,365,2691876661,132505452
4.304,2.167,7.288,0.0718,303,2648461388,526955721
2.577,10.083,12.421,0.0586,365,1532,134
2.240,6.166,18.615,0.0504,365,583,37
2.783,11.754,8.696,0.0907,365,4398,698
1.792,9.796,19.098,0.0876,365,75,13
4.198,2.653,11.572,0.0736,365,265185951,10505600
2.328,12.099,14.215,0.0986,365,343,59
3.608,3.912,7.453,0.0346,365,150981823,4435794
5.411,12.821,8.129,0.0805,365,3059500,236130
1.644,10.484,13.582,0.0693,365,64,13
5.422,3.505,7.288,0.0763,298,2659161569,573331984
1.497,8.529,16.195,0.0922,365,43,12
5.155,5.038,19.020,0.0133,365,1661390,9912
3.354,13.287,17.385,0.0529,365,1567,87
3.374,10.813,12.530,0.0541,365,9706,584
2.055,5.156,14.144,0.0614,365,951,88
2.532,6.832,16.164,0.0511,365,1759,104
2.866,5.716,13.076,0.0403,365,20186,816
4.162,3.015,9.945,0.0631,365,541669682,21185836
3.798,5.716,14.493,0.0814,365,212246,12091
1.653,3.389,11.177,0.0537,365,560,65
3.183,9.314,6.306,0.0767,365,186398,22391
1.666,12.281,7.252,0.0393,365,91,16
4.025,10.363,17.284,0.0235,365,13312,245
2.980,3.077,10.500,0.0752,365,1344061,83971
5.836,5.289,13.143,0.0663,365,157040581,4959633
4.998,4.681,18.777,0.0893,365,1795282,72311
5.691,7.523,17.772,0.0653,365,1109353,35359
2.624,2.361,19.687,0.0653,365,8519,436
2.080,6.968,19.880,0.0075,365,254,3
5.196,5.665,6.909,0.0803,365,2077571741,252292557
5.580,6.516,8.537,0.0316,365,788565318,18301069
4.227,10.838,7.445,0.0091,365,918878,9633
1.935,5.567,19.191,0.0190,365,241,7
1.669,3.305,9.080,0.0427,365,1232,119
2.252,12.213,5.694,0.0468,365,1481,212
2.599,6.933,12.401,0.0519,365,5343,347
3.545,13.101,7.058,0.0552,365,48397,4227
2.066,5.897,12.609,0.0327,365,1064,57
2.531,8.390,7.641,0.0822,365,11539,1683
2.581,5.550,7.994,0.0520,365,78752,5682
4.647,11.961,6.789,0.0464,365,2279634,123844
4.247,8.996,13.681,0.0218,365,115916,1949
2.251,5.195,9.041,0.0281,365,11426,498
4.537,6.976,5.093,0.0308,365,975908307,41791636
1.853,4.915,9.974,0.0836,365,1205,204
4.149,6.384,12.054,0.0408,365,1120811,32903
5.991,8.382,9.028,0.0140,365,178543591,1712671
4.311,3.007,15.708,0.0327,365,9137203,143681
5.086,13.524,9.118,0.0341,365,556200,18589
4.574,13.561,19.972,0.0703,365,7008,359
1.410,11.081,14.050,0.0283,365,26,3
1.929,9.375,9.855,0.0435,365,359,39
3.966,10.654,8.261,0.0865,365,291409,28993
2.649,6.066,7.480,0.0658,365,99054,9381
4.199,10.281,13.904,0.0199,365,51161,839
4.328,10.429,13.076,0.0251,365,84358,1754
3.679,2.328,14.029,0.0950,365,7543632,393162
2.461,11.425,12.680,0.0055,365,723,7
5.147,6.831,16.710,0.0273,365,961633,13822
4.965,8.222,7.320,0.0658,365,76113061,4385768
3.031,6.475,13.909,0.0588,365,16932,956
2.090,13.934,15.051,0.0264,365,125,7
2.713,7.774,15.082,0.0849,365,2695,262
4.583,6.824,10.396,0.0172,365,7410149,91749
2.308,10.318,17.111,0.0559,365,322,27
3.512,13.849,9.471,0.0396,365,11980,662
1.786,11.103,14.129,0.0533,365,89,12
5.839,7.740,12.439,0.0585,365,17768313,587354
1.354,9.453,18.590,0.0391,365,22,3
4.083,5.822,7.491,0.0634,365,57156446,3174954
1.412,4.838,7.173,0.0983,365,168,71
1.948,6.544,7.286,0.0506,365,2242,271
4.830,10.967,6.358,0.0276,365,11226501,345903
3.260,2.807,14.273,0.0864,365,585993,33482
2.861,3.117,9.379,0.0205,365,1677062,31322
3.816,5.925,13.075,0.0989,365,363515,26413
3.533,7.789,8.908,0.0904,365,347989,33469
2.241,10.293,17.226,0.0927,365,270,39
2.618,6.787,13.577,0.0468,365,4337,241
3.666,5.198,17.216,0.0186,365,74997,920
4.421,2.175,17.904,0.0880,365,13174816,480247
2.981,6.935,9.334,0.0170,365,71263,1445
5.222,8.619,15.674,0.0971,365,508991,29077
3.323,12.495,5.796,0.0499,365,65515,6069
1.723,5.245,16.580,0.0133,365,167,4
2.171,7.868,19.338,0.0665,365,288,27
1.237,10.212,8.958,0.0276,365,16,3
3.838,12.161,17.126,0.0281,365,5401,134
1.751,6.344,14.222,0.0371,365,195,15
3.816,3.817,7.553,0.0564,365,405699985,18758030
4.702,10.857,17.875,0.0254,365,32608,559
3.213,3.152,8.784,0.0058,365,17988869,84937
1.732,2.079,14.793,0.0677,365,648,72
5.749,8.195,18.335,0.0472,365,639320,14928
2.252,10.326,13.966,0.0661,365,422,48
4.755,5.800,11.574,0.0960,365,15202216,900784
5.435,7.446,17.337,0.0260,365,855893,11382
2.651,2.183,15.886,0.0175,365,39022,542
1.997,11.369,12.340,0.0372,365,197,17
3.249,11.815,7.004,0.0695,365,37053,4247
3.448,11.225,8.512,0.0383,365,43275,2232
3.757,10.869,6.370,0.0929,365,473483,62398
4.263,2.474,13.440,0.0208,365,94931164,956516
5.535,3.244,7.322,0.0662,285,2764678557,510931876
1.862,11.405,10.707,0.0641,365,153,27
2.840,3.177,14.086,0.0933,365,77627,5910
1.727,7.159,5.844,0.0106,365,775,29
3.535,7.522,16.380,0.0443,365,18822,668
1.906,10.977,8.685,0.0315,365,266,24
1.505,4.092,16.653,0.0487,365,87,10
1.535,10.697,11.370,0.0233,365,49,4
5.365,6.572,9.224,0.0796,365,230905489,12264620
5.592,9.534,12.941,0.0167,365,1995667,21115
1.259,7.331,16.302,0.0718,365,20,6
5.929,10.229,12.080,0.0754,365,3823764,185205
1.578,13.828,10.123,0.0208,365,40,4
5.476,5.888,15.428,0.0238,365,8113173,93850
5.311,9.259,9.695,0.0782,365,9432201,553432
5.719,4.796,12.275,0.0424,365,442946954,9322550
1.291,11.665,11.756,0.0781,365,17,7
3.404,3.403,17.911,0.0589,365,104347,3821
3.830,8.762,8.699,0.0333,365,508170,17720
3.084,4.186,7.982,0.0189,365,4122368,76848
5.550,8.792,13.931,0.0156,365,1854088,17146
2.040,7.040,8.286,0.0533,365,1978,227
5.831,3.799,10.359,0.0670,355,3003743918,271700295
5.105,10.959,14.477,0.0449,365,181540,5661
5.905,9.702,8.427,0.0926,365,72241918,5091845
5.018,2.289,18.094,0.0105,365,66239431,256773
3.803,6.850,12.915,0.0145,365,190822,2183
3.613,7.747,5.730,0.0474,365,6290281,387696
1.294,11.228,18.223,0.0596,365,16,4
4.317,4.419,9.080,0.0852,365,198213503,11595438
3.622,13.503,11.668,0.0723,365,8705,750
3.069,11.188,6.250,0.0493,365,41378,3719
3.689,11.389,8.099,0.0783,365,97460,9905
3.132,11.539,7.108,0.0208,365,27488,964
2.834,10.063,18.701,0.0492,365,957,52
2.652,6.310,13.148,0.0470,365,6837,369
5.026,4.955,9.167,0.0169,365,781638841,8960598
2.621,4.903,5.627,0.0675,365,1345446,137103
3.071,4.345,11.351,0.0384,365,270980,9132
4.866,8.941,15.468,0.0232,365,226782,3380
5.516,5.866,7.642,0.0318,365,2086456714,78625055
3.134,11.519,12.234,0.0976,365,4546,559
1.278,6.249,11.349,0.0299,365,31,4
3.864,5.935,12.802,0.0301,365,475694,10480
5.530,2.921,14.170,0.0375,365,1298465088,21686425
4.334,10.211,16.406,0.0462,365,32164,1098
5.380,11.369,5.186,0.0153,365,134085213,2471254
2.175,9.777,9.175,0.0935,365,946,192
5.759,10.329,19.632,0.0424,365,137915,3094
5.667,9.165,7.071,0.0510,365,250895304,11134215
4.701,11.186,18.200,0.0587,365,26464,1057
3.346,7.167,8.642,0.0503,365,343941,19032
4.288,10.387,10.129,0.0573,365,283860,15399
1.241,12.883,15.510,0.0196,365,12,1
5.140,9.450,6.826,0.0821,365,61823924,4800473
3.011,2.766,10.938,0.0494,365,1744497,67471
2.904,11.493,6.731,0.0824,365,15571,2431
1.285,13.241,8.604,0.0313,365,14,3
2.079,6.764,17.821,0.0882,365,341,45
3.085,5.466,6.346,0.0102,365,3973564,49875
2.258,11.023,7.865,0.0641,365,1206,183
4.457,12.081,18.297,0.0202,365,12662,189
5.182,11.856,6.988,0.0956,365,8260835,819765
3.229,13.563,12.724,0.0334,365,2741,118
2.115,8.335,12.167,0.0373,365,622,42
5.516,3.181,15.574,0.0874,365,297635994,10294718
1.617,12.102,19.446,0.0627,365,36,6
1.824,11.092,14.130,0.0811,365,100,20
2.333,6.553,17.222,0.0331,365,865,36
3.666,13.170,9.298,0.0090,365,23938,282
2.669,12.736,11.080,0.0311,365,1245,65
3.159,4.634,14.565,0.0915,365,63655,4636
3.132,9.865,6.971,0.0871,365,71436,9698
2.438,6.084,6.936,0.0910,365,48613,7388
4.748,10.418,11.475,0.0464,365,416018,15603
3.063,10.350,10.301,0.0242,365,10252,332
3.538,8.509,10.572,0.0376,365,90973,3494
3.491,9.480,13.043,0.0758,365,18959,1420
1.695,8.065,5.862,0.0793,365,433,134
4.198,3.317,7.676,0.0103,365,2216487449,27433699
1.633,9.164,18.445,0.0148,365,54,2
3.812,7.002,15.653,0.0416,365,61084,1860
2.255,11.132,9.838,0.0078,365,722,12
3.374,9.842,10.160,0.0557,365,33293,2179
3.095,7.562,17.428,0.0328,365,4795,143
1.260,13.041,12.816,0.0364,365,13,3
1.230,8.351,6.095,0.0722,365,21,13
5.847,7.913,8.877,0.0623,365,236378921,10192958
1.702,9.390,17.091,0.0087,365,71,1
4.106,8.387,9.422,0.0774,365,958232,68233
3.031,10.166,9.968,0.0844,365,11327,1302
2.525,11.764,15.402,0.0947,365,512,72
5.044,10.620,7.384,0.0922,365,10305233,923560
4.853,3.101,10.707,0.0806,365,1972097281,105297209
3.405,10.372,15.047,0.0076,365,6265,47
5.343,12.381,15.258,0.0293,365,110929,2240
5.686,13.999,9.106,0.0674,365,1465502,89372
4.514,13.279,15.974,0.0331,365,16372,440
3.832,5.911,17.131,0.0943,365,75036,4669
3.396,8.933,6.683,0.0285,365,412852,16263
3.334,13.582,6.078,0.0912,365,34340,5928
3.779,8.062,11.342,0.0253,365,165871,3783
4.815,6.465,5.756,0.0267,365,1479708023,56120635
4.895,2.104,16.250,0.0726,365,224547597,6297492
2.180,13.863,18.858,0.0467,365,114,9
5.358,13.077,15.945,0.0992,365,69532,4759
3.484,3.147,19.213,0.0787,365,104170,4769
4.774,4.647,6.187,0.0840,341,2069221385,475605687
4.677,11.043,17.107,0.0967,365,35552,2402
1.943,2.025,7.528,0.0934,365,78709,11271
4.829,4.843,13.985,0.0715,365,11332154,425337
3.203,10.629,19.981,0.0403,365,1480,56
1.477,5.459,18.852,0.0566,365,52,7
4.942,11.839,10.254,0.0879,365,533386,41252
2.953,3.685,16.320,0.0332,365,32424,837
2.664,6.759,10.844,0.0602,365,12416,950
5.485,4.134,16.895,0.0524,365,27399537,591427
4.468,7.325,13.351,0.0735,365,638036,31881
2.304,7.515,5.765,0.0649,365,17713,2548
2.627,10.123,7.411,0.0134,365,7968,203
3.414,10.386,5.838,0.0531,365,298930,25566
3.510,10.974,5.900,0.0708,365,273630,31029
5.842,2.991,16.741,0.0423,365,450149464,6941908
3.584,9.788,15.583,0.0894,365,10102,813
2.330,13.232,14.031,0.0069,365,284,4
1.509,12.775,12.981,0.0619,365,32,7
1.301,11.687,14.795,0.0803,365,17,6
2.241,3.538,10.826,0.0742,365,15680,1484
3.283,11.849,10.355,0.0576,365,10266,780
2.922,4.202,5.798,0.0963,365,19393593,2266539
5.077,8.024,15.422,0.0458,365,615998,16643
3.248,4.745,5.548,0.0776,365,71520482,6502528
5.988,3.207,18.099,0.0616,365,189415840,4043852
5.271,2.857,15.660,0.0805,365,250358533,7994925
4.552,9.431,8.069,0.0305,365,3943384,115124
4.170,13.565,6.080,0.0984,365,406334,59632
1.341,5.921,9.383,0.0063,365,54,2
3.960,5.831,13.582,0.0998,365,466713,32249
3.535,2.376,8.618,0.0798,365,573275279,33119879
4.898,8.005,7.447,0.0460,365,68992386,2744931
3.548,11.088,5.458,0.0854,365,406677,57941
2.761,10.750,16.293,0.0931,365,993,114
5.013,13.003,12.823,0.0366,365,113435,3376
3.226,10.664,17.405,0.0742,365,2356,174
4.054,11.659,11.255,0.0218,365,52525,1149
3.787,4.625,8.205,0.0525,365,44290601,1898802
5.256,8.494,18.425,0.0579,365,218454,6869
2.256,13.897,11.340,0.0367,365,293,24
4.171,10.231,18.646,0.0549,365,13358,533
3.468,7.068,11.605,0.0544,365,111797,5600
1.579,9.049,19.483,0.0992,365,44,11
5.896,2.600,13.688,0.0437,365,3522195623,123327571
5.244,13.275,16.452,0.0300,365,46865,981
3.345,6.782,17.467,0.0108,365,12375,107
3.982,2.372,5.086,0.0176,271,2177419350,137291043
1.677,7.493,14.536,0.0305,365,110,8
3.902,6.235,11.647,0.0928,365,768236,54856
2.798,7.050,16.018,0.0082,365,3640,31
5.643,8.484,12.225,0.0233,365,7060002,100494
5.572,11.800,7.050,0.0420,365,21066521,856371
4.874,8.542,15.385,0.0153,365,299104,2882
3.940,2.262,8.807,0.0975,365,2346039023,222411222
3.699,13.385,19.925,0.0589,365,1890,100
2.643,2.306,8.469,0.0726,365,3985153,274670
2.184,10.399,11.227,0.0114,365,530,12
3.324,2.861,17.912,0.0391,365,129400,3093
4.351,6.771,8.744,0.0808,365,14129610,931040
2.666,13.384,18.634,0.0750,365,344,34
2.527,13.915,5.401,0.0517,365,2616,395
1.744,12.350,6.997,0.0412,365,129,22
2.356,4.227,19.881,0.0718,365,1276,95
5.058,6.722,19.498,0.0417,365,308276,6434
2.853,13.352,6.617,0.0473,365,6356,643
1.975,4.989,7.874,0.0841,365,5015,842
4.916,3.550,10.513,0.0349,365,1406477466,30645847
3.908,5.431,7.839,0.0854,365,33897303,2500354
4.382,11.379,14.985,0.0940,365,33133,2493
1.410,3.690,11.467,0.0541,365,109,19
5.916,8.579,5.260,0.0784,357,1552634298,315649986
1.203,6.165,13.142,0.0296,365,19,3
3.863,6.460,16.706,0.0069,365,66916,314
5.769,12.481,18.344,0.0310,365,81367,1494
5.818,9.853,16.238,0.0970,365,584444,31697
5.581,8.885,10.231,0.0829,365,16356685,930708
3.203,8.726,19.020,0.0240,365,2977,64
3.574,12.726,15.996,0.0511,365,3522,181
5.329,4.743,5.788,0.0124,304,2112742063,92254694
3.267,6.873,8.364,0.0714,365,389584,31313
1.418,12.980,18.955,0.0645,365,20,4
3.544,8.376,6.430,0.0534,365,1365168,94790
1.651,8.467,6.007,0.0696,365,280,81
1.209,6.592,5.738,0.0871,365,26,20
4.589,7.612,15.148,0.0896,365,317376,18142
2.223,12.315,19.148,0.0101,365,152,2
3.316,13.546,12.759,0.0771,365,3314,320
4.163,2.453,16.578,0.0464,365,7562169,162989
2.603,6.046,13.631,0.0619,365,5676,401
2.911,4.964,11.682,0.0742,365,70908,5121
1.916,7.064,15.725,0.0872,365,246,39
2.696,8.344,8.256,0.0864,365,17365,2350
1.341,13.111,8.624,0.0404,365,19,5
3.756,9.706,16.002,0.0076,365,13584,87
2.708,11.469,16.684,0.0854,365,698,77
1.520,11.945,12.929,0.0396,365,36,5
2.730,10.837,19.435,0.0956,365,579,64
1.674,7.704,8.527,0.0711,365,239,54
4.431,13.405,8.175,0.0621,365,232397,16973
4.186,7.985,15.614,0.0443,365,86683,2701
2.515,11.765,6.835,0.0187,365,3312,142
1.802,9.450,13.295,0.0783,365,135,25
1.955,4.649,12.276,0.0699,365,1185,139
3.505,12.815,7.935,0.0722,365,32214,3441
3.245,8.779,9.085,0.0823,365,63961,6458
3.279,9.303,9.862,0.0674,365,37326,3012
5.200,11.309,6.625,0.0262,365,18063082,492248
1.457,4.410,17.708,0.0682,365,61,11
3.427,4.890,7.291,0.0126,365,16233765,199024
2.573,7.524,12.833,0.0054,365,3360,24
4.294,8.714,5.761,0.0805,365,29430736,2766523
1.658,3.143,10.109,0.0366,365,884,71
2.171,4.277,10.839,0.0537,365,6497,497
5.482,3.264,18.043,0.0506,365,48872681,924422
3.935,8.160,11.666,0.0867,365,204886,15235
5.637,2.255,16.171,0.0747,365,1519326988,44800390
2.798,2.924,12.989,0.0760,365,141080,8913
4.631,11.215,9.553,0.0141,365,549666,7319
2.540,8.747,9.701,0.0766,365,4578,561
1.429,10.822,18.400,0.0852,365,25,7
1.847,4.503,18.186,0.0138,365,262,6
3.523,6.049,9.535,0.0673,365,943732,58495
4.371,5.566,9.881,0.0634,365,22742217,1015383
3.671,12.488,8.136,0.0123,365,53420,902
4.033,7.998,7.675,0.0250,365,3723362,94441
1.355,5.266,13.114,0.0647,365,47,11
3.089,13.456,14.890,0.0562,365,1356,95
3.032,6.203,19.217,0.0169,365,4733,67
4.376,3.889,15.292,0.0321,365,4441455,73735
5.907,5.377,6.913,0.0776,325,2291482702,505973171
1.463,2.662,12.235,0.0825,365,183,40
4.138,6.711,5.955,0.0424,365,131600884,5888735
4.614,4.759,15.756,0.0908,365,2577636,121973
3.672,7.392,12.621,0.0839,365,105725,7549
4.319,10.337,13.764,0.0788,365,67525,4295
1.411,4.418,10.482,0.0222,365,104,8
4.942,3.094,19.100,0.0351,365,8301086,115899
1.961,4.731,7.708,0.0698,365,5897,822
1.621,8.898,8.646,0.0396,365,132,19
3.081,10.310,7.109,0.0185,365,43073,1285
2.291,7.966,9.567,0.0781,365,2603,362
2.914,6.256,11.621,0.0935,365,30246,3017
2.398,5.939,9.652,0.0733,365,10882,1163
5.260,12.570,8.453,0.0211,365,2040863,41047
1.904,11.980,15.417,0.0327,365,99,7
4.329,5.038,19.576,0.0675,365,202387,7168
4.453,12.325,12.326,0.0221,365,62054,1236
2.053,4.854,15.522,0.0085,365,794,10
2.446,11.261,12.954,0.0129,365,689,15
5.562,11.847,6.785,0.0863,365,25480975,2188002
4.244,3.846,12.914,0.0865,365,13683998,667340
5.502,4.804,16.748,0.0653,365,13571861,384420
2.452,4.095,14.106,0.0254,365,7909,216
1.617,4.854,11.718,0.0705,365,237,42
2.833,8.746,12.744,0.0255,365,4736,148
5.071,5.129,10.102,0.0363,365,298202627,6571696
1.754,2.106,10.662,0.0253,365,2600,114
4.213,10.945,16.754,0.0519,365,17504,705
2.883,6.873,14.322,0.0793,365,7810,639
1.602,7.949,19.189,0.0195,365,55,2
1.773,9.381,8.062,0.0483,365,258,40
4.720,10.514,12.499,0.0162,365,233992,2978
3.925,11.218,12.331,0.0265,365,32022,826
5.521,9.118,15.605,0.0302,365,679207,11801
5.361,5.596,16.286,0.0390,365,5355799,99061
1.625,6.141,8.144,0.0959,365,335,101
2.805,7.047,10.965,0.0558,365,16887,1136
2.329,9.883,10.431,0.0890,365,1178,193
2.638,7.903,18.850,0.0787,365,1035,89
2.545,8.034,10.799,0.0061,365,4441,40
3.769,5.836,9.279,0.0901,365,3414314,262907
2.867,7.073,14.309,0.0444,365,6814,318
3.226,9.568,9.946,0.0864,365,26889,2861
2.202,5.415,6.787,0.0694,365,24882,3200
3.304,2.431,16.124,0.0582,365,415836,14704
4.473,8.846,10.710,0.0262,365,864507,18539
2.602,3.768,7.444,0.0527,365,864006,54778
5.282,12.405,12.569,0.0088,365,266409,1800
3.579,8.532,7.732,0.0336,365,503839,19976
1.373,10.468,7.985,0.0917,365,31,17
3.116,10.323,13.739,0.0221,365,4425,111
5.618,9.223,17.431,0.0685,365,382676,14222
1.830,13.520,6.977,0.0069,365,142,4
1.643,5.860,10.333,0.0614,365,256,42
3.340,3.368,16.253,0.0566,365,168084,6198
5.765,7.591,13.962,0.0860,365,7048475,325553
3.974,8.184,19.875,0.0958,365,15240,991
4.516,11.861,13.679,0.0398,365,53200,1756
3.385,6.062,6.397,0.0127,365,7585079,112096
2.452,2.004,10.984,0.0147,365,224002,3125
4.545,10.708,11.906,0.0190,365,187679,2994
4.597,9.851,17.448,0.0845,365,45784,2588
3.371,6.310,10.404,0.0398,365,258558,9754
5.064,7.446,19.697,0.0474,365,186824,4595
3.701,2.492,13.257,0.0818,365,10971419,506116
1.399,3.916,6.716,0.0782,365,248,82
4.667,7.322,7.960,0.0699,365,43033431,2505598
4.202,4.190,9.022,0.0245,365,198599083,3370192
2.914,7.321,16.949,0.0977,365,3659,349
4.391,7.687,15.208,0.0303,365,189285,3825
2.541,5.383,14.364,0.0570,365,5106,323
1.524,5.645,13.821,0.0904,365,92,23
5.811,10.767,19.888,0.0105,365,114217,638
5.125,10.297,16.272,0.0753,365,138411,6637
1.658,9.522,12.567,0.0263,365,86,6
3.633,12.960,11.905,0.0343,365,9959,393
4.073,3.749,8.746,0.0731,365,342437747,17652664
5.100,6.329,7.766,0.0305,365,612669810,14955736
2.317,10.849,19.857,0.0298,365,223,9
3.814,6.080,13.482,0.0735,365,264735,14287
2.668,12.647,7.579,0.0306,365,3183,203
2.108,4.024,6.904,0.0870,365,43887,6612
5.057,7.691,11.092,0.0941,365,7271556,459975
2.863,10.525,19.715,0.0852,365,791,73
2.370,8.837,13.642,0.0374,365,933,53
4.605,11.020,7.127,0.0138,365,2944332,44760
5.622,2.620,5.848,0.0221,227,2780673899,176415729
1.892,11.298,9.874,0.0909,365,195,49
3.114,2.139,19.654,0.0625,365,62261,2369
2.075,7.167,19.631,0.0196,365,247,7
5.815,8.944,13.689,0.0571,365,3160087,104304
2.584,10.933,10.855,0.0361,365,1725,103
4.737,7.954,18.742,0.0799,365,101487,4682
3.721,2.135,5.178,0.0462,280,2147438983,357420604
5.822,7.684,14.043,0.0079,365,7015555,29462
4.365,6.244,5.679,0.0215,365,739749038,18214925
2.492,4.442,15.668,0.0120,365,4762,59
4.473,11.475,8.685,0.0634,365,534007,35082
3.173,7.716,18.312,0.0113,365,4517,45
5.986,2.177,13.345,0.0240,337,3651033094,119128560
1.748,11.912,11.087,0.0286,365,90,8
5.238,10.350,15.395,0.0339,365,223146,4855
2.263,8.530,5.298,0.0125,365,9861,316
5.566,4.446,17.349,0.0785,365,17458591,564919
2.187,12.791,12.106,0.0578,365,270,33
4.775,8.132,6.142,0.0567,365,173280712,9946220
3.956,13.254,14.103,0.0124,365,9693,118
2.019,4.698,19.629,0.0863,365,375,44
3.933,7.888,18.000,0.0565,365,25345,1007
3.155,10.492,16.336,0.0718,365,2602,195
4.125,10.838,19.535,0.0472,365,8274,288
5.719,6.191,18.947,0.0221,365,2020628,19598
5.280,8.168,7.511,0.0144,365,160530162,1909538
3.053,12.323,17.377,0.0429,365,1090,53
1.236,11.355,9.971,0.0392,365,14,4
3.734,3.882,5.853,0.0841,365,1574245913,181952782
4.794,2.469,13.196,0.0659,365,792236802,24403801
2.244,10.115,13.244,0.0336,365,485,28
5.512,3.809,5.762,0.0962,267,2385824020,761915615
5.054,12.093,5.775,0.0755,365,15640764,1417331
4.926,11.645,6.532,0.0879,365,7424731,729109
1.996,12.264,5.733,0.0352,365,486,63
5.558,4.386,6.309,0.0262,297,2327603150,199128364
4.978,6.711,13.569,0.0885,365,3212507,166990
1.481,7.300,18.442,0.0394,365,42,4
5.252,13.713,10.624,0.0060,365,325563,1715
4.707,6.638,15.975,0.0270,365,576361,8966
5.225,9.252,10.191,0.0070,365,5492854,28579
5.549,4.027,17.719,0.0236,365,23391670,219204
2.227,5.454,5.722,0.0460,365,58270,5320
3.287,11.799,12.923,0.0489,365,5025,289
1.351,10.037,8.971,0.0455,365,28,7
5.686,11.228,12.227,0.0734,365,1203967,61186
2.928,8.901,12.927,0.0706,365,5575,463
2.048,3.889,8.593,0.0291,365,11985,574
4.042,13.624,14.859,0.0409,365,8436,327
5.004,7.675,15.116,0.0162,365,761521,7271
3.266,9.898,11.559,0.0326,365,14333,536
1.273,3.720,6.158,0.0350,365,100,20
5.972,9.621,11.908,0.0121,365,7019462,53123
3.253,8.360,16.206,0.0135,365,6910,86
3.226,2.714,19.762,0.0347,365,53872,1144
4.646,9.487,12.040,0.0377,365,436033,12679
3.900,12.079,5.588,0.0701,365,627246,68880
3.805,11.814,16.161,0.0587,365,6935,368
1.590,13.884,11.488,0.0427,365,39,6
4.953,11.842,19.603,0.0843,365,22473,1218
2.861,8.006,18.045,0.0707,365,2016,144
2.072,9.558,5.596,0.0946,365,1936,558
1.307,7.489,5.486,0.0434,365,45,15
3.458,5.751,12.179,0.0500,365,212030,8798
5.673,5.990,9.504,0.0641,365,782044273,32771801
4.609,11.659,7.433,0.0718,365,1536421,122014
5.350,8.783,13.068,0.0231,365,1909137,27804
4.183,13.231,12.799,0.0660,365,21896,1405
4.225,13.702,13.985,0.0122,365,14383,165
3.770,5.500,6.706,0.0773,365,61297873,4619162
5.559,11.261,19.484,0.0174,365,71375,706
4.717,13.236,9.045,0.0509,365,302557,16042
3.203,7.754,18.193,0.0366,365,4904,156
2.940,4.153,15.799,0.0798,365,26796,1747
5.790,10.647,12.340,0.0251,365,1953042,32457
4.448,4.088,6.788,0.0323,360,2149193937,127062865
3.688,9.338,17.489,0.0240,365,9393,183
3.537,2.774,18.206,0.0501,365,259392,7292
2.451,8.142,15.121,0.0719,365,1105,106
5.499,10.336,19.415,0.0387,365,98059,2104
3.514,11.377,5.023,0.0283,365,422777,21495
4.684,12.135,13.968,0.0807,365,59477,3846
5.887,11.593,15.120,0.0191,365,403044,4734
5.700,3.661,5.723,0.0070,255,2445135332,55712132
3.192,8.269,8.151,0.0890,365,120390,13720
3.217,13.569,10.407,0.0740,365,4754,509
2.488,6.174,5.495,0.0384,365,170370,12029
1.269,12.252,16.559,0.0850,365,14,5
4.442,11.920,14.981,0.0235,365,30176,572
5.702,9.349,19.908,0.0343,365,186499,3254
2.951,12.484,14.576,0.0930,365,1342,161
3.602,6.747,7.869,0.0338,365,2241714,78183
2.509,2.049,10.134,0.0170,365,560996,8979
4.851,12.524,12.189,0.0604,365,131470,6692
2.310,7.070,13.498,0.0204,365,1402,41
5.232,11.349,16.343,0.0422,365,100887,2777
2.154,2.046,11.238,0.0745,365,29161,2518
4.653,5.402,7.480,0.0299,365,744764157,18767285
1.671,4.850,17.577,0.0623,365,134,17
2.215,11.815,17.393,0.0630,365,189,20
3.216,6.007,12.090,0.0362,365,82170,2732
4.340,6.561,8.592,0.0527,365,19549378,837921
5.701,4.477,10.550,0.0557,365,2098448521,81584815
2.194,10.073,10.707,0.0435,365,660,57
2.684,8.444,10.682,0.0458,365,6219,398
5.920,6.988,5.400,0.0123,325,1768966763,79553224
2.686,12.986,18.760,0.0606,365,378,30
1.290,13.820,8.310,0.0685,365,14,7
3.558,5.526,13.928,0.0500,365,153780,5785
4.559,3.495,11.378,0.0704,365,244232433,9385295
5.801,3.700,8.357,0.0431,311,2823623645,302018700
3.775,2.220,9.741,0.0921,365,708109613,41829015
2.827,2.900,7.602,0.0084,365,11316829,92171
3.745,13.416,9.088,0.0465,365,28751,1753
3.566,4.042,17.958,0.0314,365,100458,1953
5.801,8.606,6.932,0.0222,365,664765635,13500533
4.380,4.388,8.557,0.0832,365,449202537,26849402
3.883,13.217,15.376,0.0597,365,6283,359
1.887,11.238,11.884,0.0721,365,150,27
1.856,2.883,17.119,0.0508,365,530,40
4.263,9.895,13.289,0.0138,365,87584,981
3.145,7.727,12.045,0.0094,365,23730,235
4.200,8.273,11.192,0.0270,365,487679,10857
5.690,7.255,14.148,0.0579,365,7258970,222784
2.629,4.307,14.057,0.0873,365,14232,1231
2.945,10.554,9.591,0.0591,365,8488,734
4.743,10.629,6.958,0.0398,365,6607126,279021
3.558,5.755,7.949,0.0904,365,5003844,437507
5.486,13.548,18.076,0.0697,365,39695,1792
4.964,12.588,7.842,0.0960,365,1561021,156589
3.178,2.492,6.247,0.0476,365,1308511430,71904538
2.465,11.634,13.904,0.0201,365,567,18
5.768,2.035,18.079,0.0138,365,1001870747,4717099
2.167,2.273,11.871,0.0935,365,18275,1986
2.896,12.489,15.643,0.0328,365,989,41
1.550,10.558,6.048,0.0755,365,88,35
2.468,13.070,17.341,0.0406,365,275,17
1.418,12.608,13.143,0.0921,365,24,9
4.180,13.182,11.105,0.0696,365,39136,2845
5.767,13.397,9.003,0.0694,365,2539240,154657
5.653,11.851,10.300,0.0443,365,2224927,76783
5.557,3.711,5.618,0.0172,259,2382398996,136557715
5.427,2.072,5.939,0.0446,216,2957825859,355834425
3.715,7.022,7.494,0.0199,365,3567834,74062
5.309,12.954,19.167,0.0383,365,28902,704
3.836,8.592,14.164,0.0194,365,46018,735
3.922,13.690,13.500,0.0763,365,9256,725
4.177,7.033,8.302,0.0735,365,8893642,578293
2.628,6.098,7.313,0.0326,365,97329,4671
2.995,3.520,19.752,0.0164,365,14359,168
2.214,12.381,12.536,0.0335,365,299,20
4.459,7.211,17.848,0.0429,365,115689,2983
1.782,9.159,8.791,0.0995,365,250,75
2.046,2.283,16.182,0.0338,365,2044,83
5.232,6.396,10.928,0.0342,365,46651208,969683
3.861,7.504,15.081,0.0363,365,63328,1736
4.800,7.881,16.089,0.0374,365,292338,6615
2.276,3.576,18.987,0.0932,365,1494,148
5.426,4.868,7.526,0.0983,348,2376260289,487301326
5.461,10.957,6.992,0.0731,365,32625036,2273812
4.650,3.780,19.872,0.0319,365,1198484,16957
5.877,7.151,6.595,0.0917,364,1946082672,315627970
3.735,9.362,9.258,0.0495,365,186386,9958
4.358,11.699,9.179,0.0710,365,269194,19917
5.672,3.710,13.566,0.0884,365,771086969,30731854
4.636,8.631,12.862,0.0161,365,491897,5693
4.524,12.809,13.017,0.0633,365,46182,2571
2.836,11.604,6.517,0.0146,365,12852,376
5.150,10.745,15.161,0.0578,365,170602,6579
1.289,8.353,12.301,0.0331,365,23,4
2.133,9.629,7.395,0.0714,365,1366,243
5.850,7.270,17.657,0.0836,365,1873745,73860
3.579,3.971,13.527,0.0862,365,801249,46367
3.313,11.501,8.072,0.0233,365,31273,1071
4.246,6.046,11.708,0.0311,365,2464514,53416
5.834,10.240,6.232,0.0766,365,334977186,25450875
1.454,8.297,6.016,0.0950,365,91,48
2.249,12.139,11.517,0.0403,365,404,33
4.833,12.717,8.453,0.0842,365,719189,62611
3.444,11.418,5.447,0.0612,365,229841,24671
4.854,13.466,7.744,0.0479,365,785607,41991
5.622,10.981,10.916,0.0814,365,2486203,148155
4.862,5.647,6.551,0.0950,365,1795139102,223204649
3.549,8.162,17.765,0.0518,365,10266,424
5.908,12.555,19.438,0.0926,365,71929,3780
3.850,3.745,8.017,0.0864,365,310607844,20712544
4.219,5.574,13.712,0.0076,365,1136905,5472
5.860,12.868,18.831,0.0070,365,70219,290
5.122,13.647,10.141,0.0981,365,329571,29851
4.230,2.565,7.939,0.0219,345,2537104668,113417184
4.647,3.947,8.290,0.0583,365,2057939572,115461674
4.115,8.718,14.192,0.0844,365,82137,5360
5.499,12.230,14.774,0.0405,365,180340,4945
5.545,11.471,15.334,0.0872,365,225115,12587
2.867,13.738,14.721,0.0487,365,814,55
2.787,3.483,19.488,0.0362,365,8032,229
3.245,13.453,17.088,0.0479,365,1289,68
2.569,2.296,12.036,0.0141,365,154758,1950
4.659,12.795,12.374,0.0840,365,75446,5561
2.286,5.176,7.191,0.0307,365,38028,1953
5.919,2.569,6.226,0.0264,225,2934488357,210385465
3.151,9.363,8.465,0.0941,365,45820,5853
3.968,9.579,6.169,0.0321,365,2869532,117379
4.879,5.310,19.240,0.0669,365,652084,20840
2.152,4.455,13.191,0.0340,365,2452,114
3.336,2.340,11.887,0.0281,365,8000181,144805
3.721,7.418,11.275,0.0699,365,221160,13653
4.232,10.152,14.593,0.0783,365,46320,2885
2.227,9.779,16.163,0.0380,365,327,20
2.880,5.635,14.727,0.0398,365,12690,479
2.120,5.483,10.673,0.0734,365,2740,328
4.579,12.770,6.635,0.0262,365,1290302,42138
3.114,7.209,6.753,0.0886,365,511783,61286
5.467,10.306,9.151,0.0110,365,8948888,78398
2.926,3.973,12.630,0.0914,365,107623,8563
2.051,13.892,5.054,0.0630,365,445,117
1.459,6.086,16.812,0.0073,365,50,1
4.796,11.001,19.024,0.0317,365,27107,559
4.017,2.191,9.396,0.0411,365,2213374710,76782742
4.027,2.448,15.649,0.0825,365,8267669,332971
3.273,4.001,6.631,0.0555,365,67481631,3704683
4.476,2.230,14.123,0.0955,365,201227022,8578153
2.712,7.782,5.750,0.0233,365,113559,4786
3.620,5.901,16.550,0.0895,365,52839,3357
3.997,13.181,17.893,0.0982,365,4616,391
1.497,10.721,6.035,0.0505,365,64,19
2.987,12.885,6.489,0.0338,365,12509,847
1.545,12.840,16.298,0.0397,365,31,4
2.040,10.191,6.470,0.0481,365,969,139
3.783,13.808,7.677,0.0543,365,50050,3946
4.994,10.070,10.488,0.0231,365,1500834,27471
5.029,7.757,5.149,0.0419,365,1269005253,83563924
1.575,10.682,7.830,0.0053,365,79,2
5.358,6.894,10.553,0.0125,365,50079367,391771
2.407,7.682,11.556,0.0423,365,2527,160
4.571,4.934,12.153,0.0826,365,16158549,785819
5.679,2.221,16.894,0.0379,365,1153021075,16081957
2.380,12.360,15.187,0.0939,365,327,51
4.244,3.393,14.843,0.0582,365,7200484,216167
2.896,13.567,9.908,0.0929,365,2390,372
4.983,8.351,11.128,0.0075,365,3421995,18168
5.024,5.060,11.621,0.0318,365,78734054,1395176
3.611,9.750,9.364,0.0218,365,98324,2428
4.349,2.805,17.934,0.0389,365,3953678,69176
1.911,10.008,7.108,0.0140,365,486,21
3.404,10.432,5.471,0.0068,365,370690,4223
2.018,9.781,11.340,0.0210,365,347,16
1.877,5.701,18.038,0.0458,365,221,17
2.377,7.085,17.670,0.0697,365,782,68
2.111,4.370,6.472,0.0843,365,43620,6757
1.257,13.183,10.316,0.0830,365,13,7
2.216,3.463,10.617,0.0735,365,16046,1530
5.813,5.365,14.791,0.0597,365,44839064,1211003
1.796,11.067,14.173,0.0797,365,92,18
3.097,13.458,7.507,0.0066,365,9247,111
3.229,13.194,10.239,0.0920,365,5801,763
2.308,9.378,15.695,0.0330,365,479,24
4.940,4.891,19.004,0.0209,365,1176489,11315
1.667,9.368,8.176,0.0647,365,156,36
3.941,8.973,6.431,0.0305,365,3420858,125890
1.659,13.817,10.446,0.0506,365,52,10
2.454,11.918,9.385,0.0617,365,1222,150
2.866,4.234,11.221,0.0226,365,137564,2958
4.125,8.684,15.268,0.0634,365,59017,2789
1.262,10.018,10.635,0.0092,365,18,1
4.064,10.146,16.989,0.0195,365,16742,252
5.622,12.395,6.204,0.0679,365,34552604,2501759
4.433,8.265,9.025,0.0771,365,3541606,236681
5.840,13.175,15.344,0.0182,365,170236,2026
3.096,12.821,19.281,0.0850,365,812,75
2.819,8.264,15.770,0.0350,365,2614,100
4.515,9.827,10.740,0.0683,365,500186,29053
2.642,4.737,9.958,0.0192,365,65514,1447
3.320,11.664,8.229,0.0725,365,27624,2922
3.799,11.090,8.415,0.0875,365,131555,13993
3.606,4.575,7.091,0.0833,365,75405362,5759899
1.908,13.634,13.791,0.0769,365,90,17
3.527,9.204,11.423,0.0694,365,42101,2996
3.699,6.857,14.877,0.0409,365,65287,2043
5.997,9.996,7.928,0.0612,365,108698796,5279600
2.861,5.484,10.412,0.0250,365,72804,1968
4.168,8.322,12.267,0.0555,365,256729,11376
3.881,6.084,16.340,0.0396,365,100177,2657
3.646,13.117,5.796,0.0073,365,133910,1686
4.348,11.713,5.549,0.0076,365,3367360,35336
2.093,9.474,5.623,0.0166,365,2214,109
5.283,5.459,17.619,0.0604,365,2724798,76148
2.534,3.281,7.381,0.0281,365,1190609,39737
3.204,12.329,16.705,0.0320,365,1645,57
2.362,5.415,6.318,0.0776,365,87195,11690
2.841,12.858,8.215,0.0146,365,4158,112
4.788,2.458,7.412,0.0642,291,2769953091,487582704
3.222,12.814,15.893,0.0845,365,1744,167
1.254,11.515,18.714,0.0937,365,14,5
1.949,9.067,13.853,0.0838,365,224,38
2.314,5.087,12.723,0.0419,365,4065,221
1.419,11.604,6.062,0.0144,365,36,4
2.753,6.285,19.535,0.0919,365,2065,179
5.735,5.256,9.288,0.0906,365,2088790885,158077667
1.615,3.071,18.008,0.0776,365,152,23
4.429,2.568,11.901,0.0696,365,561813077,20204350
1.843,5.806,19.326,0.0310,365,167,9
2.579,9.702,16.108,0.0174,365,853,19
1.819,5.408,13.759,0.0058,365,357,4
4.029,6.844,9.762,0.0655,365,2153982,118293
2.548,3.630,19.098,0.0368,365,3675,122
2.389,6.524,17.908,0.0438,365,918,48
4.753,10.905,5.178,0.0660,365,33139551,2802392
5.983,9.259,9.261,0.0351,365,62394905,1529017
3.374,3.568,18.433,0.0938,365,68630,4068
1.239,7.223,19.170,0.0170,365,18,1
1.733,3.266,10.021,0.0352,365,1382,98
3.390,2.111,5.395,0.0624,314,2001306346,445186960
2.791,2.312,15.805,0.0155,365,66265,768
1.497,11.584,6.565,0.0788,365,51,23
4.889,11.227,11.445,0.0293,365,366237,8769
2.178,4.863,16.454,0.0539,365,1052,73
2.675,10.503,12.804,0.0891,365,1638,208
1.899,13.480,12.275,0.0661,365,102,18
4.192,4.152,17.208,0.0231,365,749603,9212
4.367,6.585,6.202,0.0763,365,264354832,20113149
5.967,5.297,8.393,0.0554,355,2509505875,233768106
5.212,3.190,18.625,0.0093,365,19313856,68788
1.623,6.321,17.972,0.0381,365,82,7
5.435,6.929,15.234,0.0054,365,3179086,9069
3.625,6.040,10.286,0.0297,365,837225,21444
2.779,12.916,14.219,0.0203,365,870,25
5.404,10.810,17.255,0.0945,365,128075,7318
1.372,2.251,16.243,0.0828,365,69,16
2.726,12.561,14.444,0.0513,365,804,59
3.588,13.779,5.456,0.0917,365,99406,17143
5.872,13.517,5.199,0.0708,365,82526665,7107742
3.128,7.133,17.715,0.0420,365,5778,212
5.374,10.155,9.037,0.0963,365,8806677,683345
3.935,13.041,8.776,0.0600,365,61313,4606
3.130,3.536,14.334,0.0668,365,157567,7806
5.490,7.830,10.494,0.0697,365,28150589,1272051
3.746,7.200,14.629,0.0052,365,65985,264
3.281,13.790,5.459,0.0758,365,36926,5821
5.945,12.770,14.206,0.0188,365,359667,4470
4.632,13.301,16.890,0.0349,365,15780,426
2.692,12.740,11.077,0.0896,365,1326,199
3.332,3.885,5.258,0.0984,365,765604326,94245174
3.902,10.058,15.452,0.0725,365,18707,1134
2.209,5.168,10.991,0.0830,365,4362,534
2.993,13.400,7.949,0.0169,365,5916,181
4.626,2.502,14.955,0.0348,365,104083684,1569768
5.438,8.482,8.044,0.0770,365,104451390,6316304
3.976,11.878,13.057,0.0278,365,21717,579
3.291,7.887,11.192,0.0554,365,47392,2730
5.326,13.763,12.091,0.0524,365,191618,8198
4.558,8.569,6.894,0.0329,365,24138740,785129
2.397,5.917,10.913,0.0950,365,6728,885
1.442,2.686,8.142,0.0409,365,424,55
3.983,6.875,15.081,0.0208,365,124139,1818
5.330,5.688,16.165,0.0960,365,4848267,224117
5.430,5.974,7.137,0.0933,365,2091764176,274467825
4.648,12.089,7.377,0.0450,365,1352575,68409
5.077,10.434,15.621,0.0247,365,147879,2400
4.538,7.621,8.150,0.0089,365,17681188,135753
1.877,8.185,17.048,0.0418,365,147,12
2.516,9.225,17.899,0.0406,365,624,32
2.264,10.555,13.867,0.0744,365,420,54
2.897,6.114,12.555,0.0388,365,21562,863
4.029,3.731,14.954,0.0135,365,2178277,16432
4.692,9.080,17.730,0.0701,365,71498,3158
4.550,10.576,18.684,0.0368,365,22817,568
3.577,11.051,10.251,0.0937,365,31819,3474
3.477,10.145,8.002,0.0748,365,107343,10495
2.887,8.690,19.759,0.0396,365,1309,51
5.087,12.706,9.758,0.0126,365,595036,6857
3.233,9.591,10.965,0.0573,365,18361,1235
2.486,13.135,12.271,0.0203,365,556,20
1.220,12.311,11.154,0.0166,365,12,1
5.542,12.920,8.362,0.0563,365,3241586,169322
1.506,4.190,8.368,0.0097,365,319,10
3.593,12.903,12.935,0.0867,365,6991,676
3.604,7.921,5.510,0.0742,365,6454854,645495
1.312,5.950,16.697,0.0523,365,29,5
2.720,6.510,10.224,0.0112,365,22781,317
5.948,2.622,8.533,0.0866,271,3208352552,672476803
3.296,9.472,9.788,0.0850,365,37176,3811
3.663,10.654,14.737,0.0893,365,10859,908
4.329,12.349,11.689,0.0790,365,60391,4535
1.686,13.045,9.242,0.0605,365,71,16
5.600,7.980,10.976,0.0266,365,22337106,373809
4.741,7.065,14.198,0.0485,365,997868,29820
5.532,8.401,7.987,0.0738,365,152280040,8753283
1.414,2.696,9.424,0.0966,365,234,73
1.567,6.984,6.051,0.0913,365,283,109
3.709,4.391,14.452,0.0825,365,503226,27121
5.234,13.384,13.575,0.0262,365,108782,2197
4.538,8.359,12.828,0.0217,365,475174,7450
1.328,2.830,7.547,0.0367,365,173,27
4.073,5.516,10.731,0.0330,365,4686287,112011
1.460,6.249,6.745,0.0721,365,155,50
1.673,6.126,5.057,0.0701,365,1221,321
2.108,8.196,18.033,0.0815,365,262,33
1.627,3.251,9.804,0.0770,365,747,134
3.801,2.183,19.963,0.0187,365,576484,5144
4.583,6.945,18.119,0.0442,365,161371,4085
4.126,13.014,14.055,0.0339,365,14688,464
4.783,11.082,11.049,0.0355,365,381784,11435
1.701,9.999,12.091,0.0864,365,97,24
3.292,13.256,6.791,0.0676,365,24399,2918
1.944,7.440,9.821,0.0177,365,698,27
2.529,10.358,13.386,0.0934,365,1012,141
4.048,13.816,8.729,0.0780,365,59073,5807
5.979,6.216,14.650,0.0804,365,27345187,1032445
5.694,10.478,6.052,0.0223,365,237602464,5394864
3.192,7.568,5.347,0.0707,365,1822500,196551
4.787,5.194,9.670,0.0708,365,171474377,7843251
4.066,3.784,5.958,0.0479,351,1974621461,231037679
1.443,9.352,16.292,0.0537,365,32,6
1.444,10.492,19.868,0.0616,365,26,5
2.814,12.267,9.079,0.0791,365,3579,489
1.954,7.873,6.012,0.0119,365,1953,67
2.465,12.732,11.355,0.0351,365,674,44
5.961,2.770,11.663,0.0576,335,3399401675,310774171
2.487,5.060,7.633,0.0794,365,94640,10737
4.691,2.200,9.666,0.0911,338,2991405518,496755383
4.152,4.169,9.485,0.0054,365,106024960,389332
1.810,6.604,7.929,0.0909,365,830,199
1.618,7.325,6.958,0.0184,365,276,19
5.658,12.680,17.501,0.0737,365,81041,3706
1.638,11.737,10.183,0.0378,365,68,9
1.255,4.298,12.182,0.0604,365,35,9
4.832,7.806,10.957,0.0580,365,4082138,168060
2.786,13.629,6.933,0.0761,365,4120,680
5.879,2.941,12.379,0.0243,359,3362880477,86304969
3.274,2.430,5.048,0.0265,329,1796120958,172142459
1.385,11.794,15.511,0.0440,365,21,4
4.623,5.454,9.800,0.0322,365,63623162,1365688
2.417,11.816,5.498,0.0793,365,3653,802
2.510,6.077,19.629,0.0535,365,1122,63
3.135,13.753,13.210,0.0859,365,1910,217
3.190,6.267,5.151,0.0465,365,9725547,637435
4.327,9.823,17.282,0.0327,365,29248,680
3.888,8.898,12.228,0.0497,365,92083,4041
3.674,11.290,8.241,0.0482,365,91165,5643
4.575,6.139,16.586,0.0406,365,479624,11027
4.989,13.723,6.615,0.0508,365,2092020,128037
1.731,13.374,11.520,0.0970,365,66,20
3.883,4.197,19.973,0.0955,365,109099,5749
3.622,4.736,19.323,0.0665,365,46042,1911
3.227,6.084,12.493,0.0960,365,67718,5908
5.397,2.732,7.422,0.0695,274,2893808623,542258219
1.258,8.189,13.096,0.0729,365,20,7
4.917,2.961,8.168,0.0886,323,2748902900,582046027
1.432,9.969,8.933,0.1000,365,42,20
3.648,5.506,8.006,0.0099,365,9207436,83876
4.035,11.847,17.645,0.0322,365,7602,201
3.407,13.675,9.471,0.0209,365,9808,294
5.665,8.383,17.647,0.0372,365,630386,12066
2.181,13.980,5.041,0.0640,365,747,182
1.869,6.856,17.666,0.0292,365,174,9
5.380,7.391,12.431,0.0574,365,8757475,298243
2.228,2.039,16.258,0.0374,365,5488,208
5.996,7.957,18.796,0.0499,365,965940,22495
4.843,11.150,19.840,0.0630,365,22882,917
2.781,8.468,7.684,0.0489,365,29554,2274
2.839,12.971,7.136,0.0125,365,5750,145
3.719,5.196,13.563,0.0428,365,388927,11792
3.495,12.108,9.734,0.0287,365,20045,739
4.203,8.803,11.077,0.0392,365,367285,12262
4.712,7.953,5.388,0.0224,365,429078384,11201999
2.166,13.914,16.938,0.0614,365,128,15
2.135,12.043,7.239,0.0324,365,643,59
5.523,4.713,13.372,0.0273,365,131924001,1705380
5.973,10.406,18.958,0.0890,365,223531,10397
4.730,10.088,7.558,0.0176,365,5804966,101290
4.614,8.983,15.529,0.0848,365,130573,7469
3.631,8.290,17.027,0.0402,365,14065,450
3.880,12.473,11.602,0.0159,365,22494,383
5.766,8.502,14.578,0.0327,365,2538554,45953
5.139,9.651,11.753,0.0569,365,1347568,54944
4.880,12.130,14.545,0.0601,365,70334,3199
3.078,9.344,7.908,0.0834,365,47750,5748
3.091,5.225,8.204,0.0584,365,998066,62214
4.415,8.590,16.781,0.0789,365,70479,3709
4.417,11.185,13.418,0.0667,365,63696,3530
1.483,12.431,12.550,0.0069,365,31,1
4.367,9.484,14.960,0.0458,365,74039,2506
5.311,13.262,19.973,0.0688,365,21902,949
3.148,11.244,8.879,0.0733,365,15245,1630
2.224,8.417,12.854,0.0566,365,773,73
3.055,5.087,9.085,0.0782,365,509472,40843
1.764,4.462,19.924,0.0068,365,159,2
4.216,5.555,10.177,0.0289,365,10880166,226145
3.400,5.020,10.402,0.0198,365,910306,15370
1.234,10.194,12.496,0.0548,365,15,4
4.070,9.227,5.577,0.0441,365,9987256,567173
3.174,6.464,15.870,0.0399,365,14161,488
3.675,13.513,8.189,0.0053,365,33806,253
2.126,8.579,9.956,0.0421,365,967,82
4.249,8.914,9.722,0.0069,365,812619,5037
4.562,9.290,5.323,0.0447,365,69007979,3713136
3.267,7.249,13.733,0.0733,365,24017,1630
5.504,11.562,9.708,0.0387,365,2811374,88446
5.618,9.295,13.196,0.0967,365,2163485,128973
1.205,4.041,17.841,0.0569,365,21,5
5.233,3.778,10.976,0.0764,365,1549669153,71529048
4.627,4.054,15.156,0.0778,365,8223435,318838
4.178,7.660,10.304,0.0353,365,1190164,34854
3.986,4.824,19.060,0.0494,365,121204,3408
5.531,7.162,8.574,0.0289,365,327185463,6751338
4.373,4.786,15.876,0.0366,365,1235856,24851
5.821,10.031,5.106,0.0707,365,1066024846,113188018
3.124,2.123,6.298,0.0878,365,1751090361,206955570
3.386,3.591,11.123,0.0321,365,2719950,64362
2.203,3.056,7.844,0.0653,365,118790,10770
3.267,6.574,9.404,0.0492,365,257565,13245
4.169,3.732,14.641,0.0334,365,4099046,74539
2.660,3.954,6.381,0.0133,365,2775877,47016
2.590,7.210,13.134,0.0485,365,3728,226
5.519,7.918,5.121,0.0589,357,1544861189,238665990
4.711,7.978,14.859,0.0617,365,368890,14560
4.978,2.849,6.216,0.0596,269,2574810704,469734196
5.935,13.888,13.044,0.0563,365,341199,13795
4.504,12.358,19.837,0.0777,365,9092,503
5.956,5.521,16.642,0.0519,365,17846590,394980
3.462,10.349,15.637,0.0467,365,6224,278
2.228,8.096,13.008,0.0257,365,839,35
5.714,4.703,13.248,0.0695,365,239643393,7753407
